Risk_Date,Peak_Stress_Probability,Alert_Level,Threatened_Zone
2026-02-20,78.8,🟡 HIGH,Chile-Peru Trench
2026-02-20,78.8,🟡 HIGH,Cascadia Subduction
2026-02-20,78.8,🟡 HIGH,Japan Trench
2026-02-20,78.8,🟡 HIGH,Aleutian Trench
2026-02-20,78.8,🟡 HIGH,Kuril-Kamchatka
2026-02-20,78.8,🟡 HIGH,Izu-Bonin-Mariana
2026-02-20,78.8,🟡 HIGH,Philippine Trench
2026-02-20,78.8,🟡 HIGH,Java-Sumatra Trench
2026-02-20,78.8,🟡 HIGH,Tonga-Kermadec
2026-02-20,78.8,🟡 HIGH,Himalayan Thrust
2026-02-20,78.8,🟡 HIGH,Mediterranean-Hellenic
2026-02-20,78.8,🟡 HIGH,Andaman-Nicobar Trench
2026-02-20,78.8,🟡 HIGH,Sumatra-Java Trench
2026-02-20,78.8,🟡 HIGH,Andaman-Nicobar Segment
2026-02-20,78.8,🟡 HIGH,Indo-Gangetic Plain / Himalayan Front
2026-02-20,78.8,🟡 HIGH,Kachchh-Gujarat Rift
2026-02-20,78.8,🟡 HIGH,Makran Subduction Zone
2026-02-20,78.8,🟡 HIGH,Indo-Burmese Arc
2026-02-20,78.8,🟡 HIGH,Ninety East Ridge
2026-02-21,81.7,🟡 HIGH,Chile-Peru Trench
2026-02-21,81.7,🟡 HIGH,Cascadia Subduction
2026-02-21,81.7,🟡 HIGH,Japan Trench
2026-02-21,81.7,🟡 HIGH,Aleutian Trench
2026-02-21,81.7,🟡 HIGH,Kuril-Kamchatka
2026-02-21,81.7,🟡 HIGH,Izu-Bonin-Mariana
2026-02-21,81.7,🟡 HIGH,Philippine Trench
2026-02-21,81.7,🟡 HIGH,Java-Sumatra Trench
2026-02-21,81.7,🟡 HIGH,Tonga-Kermadec
2026-02-21,81.7,🟡 HIGH,Himalayan Thrust
2026-02-21,81.7,🟡 HIGH,Mediterranean-Hellenic
2026-02-21,81.7,🟡 HIGH,Andaman-Nicobar Trench
2026-02-21,81.7,🟡 HIGH,Sumatra-Java Trench
2026-02-21,81.7,🟡 HIGH,Andaman-Nicobar Segment
2026-02-21,81.7,🟡 HIGH,Indo-Gangetic Plain / Himalayan Front
2026-02-21,81.7,🟡 HIGH,Kachchh-Gujarat Rift
2026-02-21,81.7,🟡 HIGH,Makran Subduction Zone
2026-02-21,81.7,🟡 HIGH,Indo-Burmese Arc
2026-02-21,81.7,🟡 HIGH,Ninety East Ridge
2026-02-22,81.3,🟡 HIGH,Chile-Peru Trench
2026-02-22,81.3,🟡 HIGH,Cascadia Subduction
2026-02-22,81.3,🟡 HIGH,Japan Trench
2026-02-22,81.3,🟡 HIGH,Aleutian Trench
2026-02-22,81.3,🟡 HIGH,Kuril-Kamchatka
2026-02-22,81.3,🟡 HIGH,Izu-Bonin-Mariana
2026-02-22,81.3,🟡 HIGH,Philippine Trench
2026-02-22,81.3,🟡 HIGH,Java-Sumatra Trench
2026-02-22,81.3,🟡 HIGH,Tonga-Kermadec
2026-02-22,81.3,🟡 HIGH,Himalayan Thrust
2026-02-22,81.3,🟡 HIGH,Mediterranean-Hellenic
2026-02-22,81.3,🟡 HIGH,Andaman-Nicobar Trench
2026-02-22,81.3,🟡 HIGH,Sumatra-Java Trench
2026-02-22,81.3,🟡 HIGH,Andaman-Nicobar Segment
2026-02-22,81.3,🟡 HIGH,Indo-Gangetic Plain / Himalayan Front
2026-02-22,81.3,🟡 HIGH,Kachchh-Gujarat Rift
2026-02-22,81.3,🟡 HIGH,Makran Subduction Zone
2026-02-22,81.3,🟡 HIGH,Indo-Burmese Arc
2026-02-22,81.3,🟡 HIGH,Ninety East Ridge
2026-02-23,80.6,🟡 HIGH,Chile-Peru Trench
2026-02-23,80.6,🟡 HIGH,Cascadia Subduction
2026-02-23,80.6,🟡 HIGH,Japan Trench
2026-02-23,80.6,🟡 HIGH,Aleutian Trench
2026-02-23,80.6,🟡 HIGH,Kuril-Kamchatka
2026-02-23,80.6,🟡 HIGH,Izu-Bonin-Mariana
2026-02-23,80.6,🟡 HIGH,Philippine Trench
2026-02-23,80.6,🟡 HIGH,Java-Sumatra Trench
2026-02-23,80.6,🟡 HIGH,Tonga-Kermadec
2026-02-23,80.6,🟡 HIGH,Himalayan Thrust
2026-02-23,80.6,🟡 HIGH,Mediterranean-Hellenic
2026-02-23,80.6,🟡 HIGH,Andaman-Nicobar Trench
2026-02-23,80.6,🟡 HIGH,Sumatra-Java Trench
2026-02-23,80.6,🟡 HIGH,Andaman-Nicobar Segment
2026-02-23,80.6,🟡 HIGH,Indo-Gangetic Plain / Himalayan Front
2026-02-23,80.6,🟡 HIGH,Kachchh-Gujarat Rift
2026-02-23,80.6,🟡 HIGH,Makran Subduction Zone
2026-02-23,80.6,🟡 HIGH,Indo-Burmese Arc
2026-02-23,80.6,🟡 HIGH,Ninety East Ridge
2026-02-24,78.8,🟡 HIGH,Chile-Peru Trench
2026-02-24,78.8,🟡 HIGH,Cascadia Subduction
2026-02-24,78.8,🟡 HIGH,Japan Trench
2026-02-24,78.8,🟡 HIGH,Aleutian Trench
2026-02-24,78.8,🟡 HIGH,Kuril-Kamchatka
2026-02-24,78.8,🟡 HIGH,Izu-Bonin-Mariana
2026-02-24,78.8,🟡 HIGH,Philippine Trench
2026-02-24,78.8,🟡 HIGH,Java-Sumatra Trench
2026-02-24,78.8,🟡 HIGH,Tonga-Kermadec
2026-02-24,78.8,🟡 HIGH,Himalayan Thrust
2026-02-24,78.8,🟡 HIGH,Mediterranean-Hellenic
2026-02-24,78.8,🟡 HIGH,Andaman-Nicobar Trench
2026-02-24,78.8,🟡 HIGH,Sumatra-Java Trench
2026-02-24,78.8,🟡 HIGH,Andaman-Nicobar Segment
2026-02-24,78.8,🟡 HIGH,Indo-Gangetic Plain / Himalayan Front
2026-02-24,78.8,🟡 HIGH,Kachchh-Gujarat Rift
2026-02-24,78.8,🟡 HIGH,Makran Subduction Zone
2026-02-24,78.8,🟡 HIGH,Indo-Burmese Arc
2026-02-24,78.8,🟡 HIGH,Ninety East Ridge
2026-03-05,80.3,🟡 HIGH,Chile-Peru Trench
2026-03-05,80.3,🟡 HIGH,Cascadia Subduction
2026-03-05,80.3,🟡 HIGH,Japan Trench
2026-03-05,80.3,🟡 HIGH,Aleutian Trench
2026-03-05,80.3,🟡 HIGH,Kuril-Kamchatka
2026-03-05,80.3,🟡 HIGH,Izu-Bonin-Mariana
2026-03-05,80.3,🟡 HIGH,Philippine Trench
2026-03-05,80.3,🟡 HIGH,Java-Sumatra Trench
2026-03-05,80.3,🟡 HIGH,Tonga-Kermadec
2026-03-05,80.3,🟡 HIGH,Himalayan Thrust
2026-03-05,80.3,🟡 HIGH,Mediterranean-Hellenic
2026-03-05,80.3,🟡 HIGH,Andaman-Nicobar Trench
2026-03-05,80.3,🟡 HIGH,Sumatra-Java Trench
2026-03-05,80.3,🟡 HIGH,Andaman-Nicobar Segment
2026-03-05,80.3,🟡 HIGH,Indo-Gangetic Plain / Himalayan Front
2026-03-05,80.3,🟡 HIGH,Kachchh-Gujarat Rift
2026-03-05,80.3,🟡 HIGH,Makran Subduction Zone
2026-03-05,80.3,🟡 HIGH,Indo-Burmese Arc
2026-03-05,80.3,🟡 HIGH,Ninety East Ridge
2026-03-06,81.6,🟡 HIGH,Chile-Peru Trench
2026-03-06,81.6,🟡 HIGH,Cascadia Subduction
2026-03-06,81.6,🟡 HIGH,Japan Trench
2026-03-06,81.6,🟡 HIGH,Aleutian Trench
2026-03-06,81.6,🟡 HIGH,Kuril-Kamchatka
2026-03-06,81.6,🟡 HIGH,Izu-Bonin-Mariana
2026-03-06,81.6,🟡 HIGH,Philippine Trench
2026-03-06,81.6,🟡 HIGH,Java-Sumatra Trench
2026-03-06,81.6,🟡 HIGH,Tonga-Kermadec
2026-03-06,81.6,🟡 HIGH,Himalayan Thrust
2026-03-06,81.6,🟡 HIGH,Mediterranean-Hellenic
2026-03-06,81.6,🟡 HIGH,Andaman-Nicobar Trench
2026-03-06,81.6,🟡 HIGH,Sumatra-Java Trench
2026-03-06,81.6,🟡 HIGH,Andaman-Nicobar Segment
2026-03-06,81.6,🟡 HIGH,Indo-Gangetic Plain / Himalayan Front
2026-03-06,81.6,🟡 HIGH,Kachchh-Gujarat Rift
2026-03-06,81.6,🟡 HIGH,Makran Subduction Zone
2026-03-06,81.6,🟡 HIGH,Indo-Burmese Arc
2026-03-06,81.6,🟡 HIGH,Ninety East Ridge
2026-03-07,85.5,🔴 EXTREME,Chile-Peru Trench
2026-03-07,85.5,🔴 EXTREME,Cascadia Subduction
2026-03-07,85.5,🔴 EXTREME,Japan Trench
2026-03-07,85.5,🔴 EXTREME,Aleutian Trench
2026-03-07,85.5,🔴 EXTREME,Kuril-Kamchatka
2026-03-07,85.5,🔴 EXTREME,Izu-Bonin-Mariana
2026-03-07,85.5,🔴 EXTREME,Philippine Trench
2026-03-07,85.5,🔴 EXTREME,Java-Sumatra Trench
2026-03-07,85.5,🔴 EXTREME,Tonga-Kermadec
2026-03-07,85.5,🔴 EXTREME,Himalayan Thrust
2026-03-07,85.5,🔴 EXTREME,Mediterranean-Hellenic
2026-03-07,85.5,🔴 EXTREME,Andaman-Nicobar Trench
2026-03-07,85.5,🔴 EXTREME,Sumatra-Java Trench
2026-03-07,85.5,🔴 EXTREME,Andaman-Nicobar Segment
2026-03-07,85.5,🔴 EXTREME,Indo-Gangetic Plain / Himalayan Front
2026-03-07,85.5,🔴 EXTREME,Kachchh-Gujarat Rift
2026-03-07,85.5,🔴 EXTREME,Makran Subduction Zone
2026-03-07,85.5,🔴 EXTREME,Indo-Burmese Arc
2026-03-07,85.5,🔴 EXTREME,Ninety East Ridge
2026-03-08,79.7,🟡 HIGH,Chile-Peru Trench
2026-03-08,79.7,🟡 HIGH,Cascadia Subduction
2026-03-08,79.7,🟡 HIGH,Japan Trench
2026-03-08,79.7,🟡 HIGH,Aleutian Trench
2026-03-08,79.7,🟡 HIGH,Kuril-Kamchatka
2026-03-08,79.7,🟡 HIGH,Izu-Bonin-Mariana
2026-03-08,79.7,🟡 HIGH,Philippine Trench
2026-03-08,79.7,🟡 HIGH,Java-Sumatra Trench
2026-03-08,79.7,🟡 HIGH,Tonga-Kermadec
2026-03-08,79.7,🟡 HIGH,Himalayan Thrust
2026-03-08,79.7,🟡 HIGH,Mediterranean-Hellenic
2026-03-08,79.7,🟡 HIGH,Andaman-Nicobar Trench
2026-03-08,79.7,🟡 HIGH,Sumatra-Java Trench
2026-03-08,79.7,🟡 HIGH,Andaman-Nicobar Segment
2026-03-08,79.7,🟡 HIGH,Indo-Gangetic Plain / Himalayan Front
2026-03-08,79.7,🟡 HIGH,Kachchh-Gujarat Rift
2026-03-08,79.7,🟡 HIGH,Makran Subduction Zone
2026-03-08,79.7,🟡 HIGH,Indo-Burmese Arc
2026-03-08,79.7,🟡 HIGH,Ninety East Ridge
2026-03-09,83.4,🟡 HIGH,Chile-Peru Trench
2026-03-09,83.4,🟡 HIGH,Cascadia Subduction
2026-03-09,83.4,🟡 HIGH,Japan Trench
2026-03-09,83.4,🟡 HIGH,Aleutian Trench
2026-03-09,83.4,🟡 HIGH,Kuril-Kamchatka
2026-03-09,83.4,🟡 HIGH,Izu-Bonin-Mariana
2026-03-09,83.4,🟡 HIGH,Philippine Trench
2026-03-09,83.4,🟡 HIGH,Java-Sumatra Trench
2026-03-09,83.4,🟡 HIGH,Tonga-Kermadec
2026-03-09,83.4,🟡 HIGH,Himalayan Thrust
2026-03-09,83.4,🟡 HIGH,Mediterranean-Hellenic
2026-03-09,83.4,🟡 HIGH,Andaman-Nicobar Trench
2026-03-09,83.4,🟡 HIGH,Sumatra-Java Trench
2026-03-09,83.4,🟡 HIGH,Andaman-Nicobar Segment
2026-03-09,83.4,🟡 HIGH,Indo-Gangetic Plain / Himalayan Front
2026-03-09,83.4,🟡 HIGH,Kachchh-Gujarat Rift
2026-03-09,83.4,🟡 HIGH,Makran Subduction Zone
2026-03-09,83.4,🟡 HIGH,Indo-Burmese Arc
2026-03-09,83.4,🟡 HIGH,Ninety East Ridge
2026-03-10,77.6,🟡 HIGH,Chile-Peru Trench
2026-03-10,77.6,🟡 HIGH,Cascadia Subduction
2026-03-10,77.6,🟡 HIGH,Japan Trench
2026-03-10,77.6,🟡 HIGH,Aleutian Trench
2026-03-10,77.6,🟡 HIGH,Kuril-Kamchatka
2026-03-10,77.6,🟡 HIGH,Izu-Bonin-Mariana
2026-03-10,77.6,🟡 HIGH,Philippine Trench
2026-03-10,77.6,🟡 HIGH,Java-Sumatra Trench
2026-03-10,77.6,🟡 HIGH,Tonga-Kermadec
2026-03-10,77.6,🟡 HIGH,Himalayan Thrust
2026-03-10,77.6,🟡 HIGH,Mediterranean-Hellenic
2026-03-10,77.6,🟡 HIGH,Andaman-Nicobar Trench
2026-03-10,77.6,🟡 HIGH,Sumatra-Java Trench
2026-03-10,77.6,🟡 HIGH,Andaman-Nicobar Segment
2026-03-10,77.6,🟡 HIGH,Indo-Gangetic Plain / Himalayan Front
2026-03-10,77.6,🟡 HIGH,Kachchh-Gujarat Rift
2026-03-10,77.6,🟡 HIGH,Makran Subduction Zone
2026-03-10,77.6,🟡 HIGH,Indo-Burmese Arc
2026-03-10,77.6,🟡 HIGH,Ninety East Ridge
2026-03-19,76.3,🟡 HIGH,Chile-Peru Trench
2026-03-19,76.3,🟡 HIGH,Cascadia Subduction
2026-03-19,76.3,🟡 HIGH,Japan Trench
2026-03-19,76.3,🟡 HIGH,Aleutian Trench
2026-03-19,76.3,🟡 HIGH,Kuril-Kamchatka
2026-03-19,76.3,🟡 HIGH,Izu-Bonin-Mariana
2026-03-19,76.3,🟡 HIGH,Philippine Trench
2026-03-19,76.3,🟡 HIGH,Java-Sumatra Trench
2026-03-19,76.3,🟡 HIGH,Tonga-Kermadec
2026-03-19,76.3,🟡 HIGH,Himalayan Thrust
2026-03-19,76.3,🟡 HIGH,Mediterranean-Hellenic
2026-03-19,76.3,🟡 HIGH,Andaman-Nicobar Trench
2026-03-19,76.3,🟡 HIGH,Sumatra-Java Trench
2026-03-19,76.3,🟡 HIGH,Andaman-Nicobar Segment
2026-03-19,76.3,🟡 HIGH,Indo-Gangetic Plain / Himalayan Front
2026-03-19,76.3,🟡 HIGH,Kachchh-Gujarat Rift
2026-03-19,76.3,🟡 HIGH,Makran Subduction Zone
2026-03-19,76.3,🟡 HIGH,Indo-Burmese Arc
2026-03-19,76.3,🟡 HIGH,Ninety East Ridge
2026-03-20,79.5,🟡 HIGH,Chile-Peru Trench
2026-03-20,79.5,🟡 HIGH,Cascadia Subduction
2026-03-20,79.5,🟡 HIGH,Japan Trench
2026-03-20,79.5,🟡 HIGH,Aleutian Trench
2026-03-20,79.5,🟡 HIGH,Kuril-Kamchatka
2026-03-20,79.5,🟡 HIGH,Izu-Bonin-Mariana
2026-03-20,79.5,🟡 HIGH,Philippine Trench
2026-03-20,79.5,🟡 HIGH,Java-Sumatra Trench
2026-03-20,79.5,🟡 HIGH,Tonga-Kermadec
2026-03-20,79.5,🟡 HIGH,Himalayan Thrust
2026-03-20,79.5,🟡 HIGH,Mediterranean-Hellenic
2026-03-20,79.5,🟡 HIGH,Andaman-Nicobar Trench
2026-03-20,79.5,🟡 HIGH,Sumatra-Java Trench
2026-03-20,79.5,🟡 HIGH,Andaman-Nicobar Segment
2026-03-20,79.5,🟡 HIGH,Indo-Gangetic Plain / Himalayan Front
2026-03-20,79.5,🟡 HIGH,Kachchh-Gujarat Rift
2026-03-20,79.5,🟡 HIGH,Makran Subduction Zone
2026-03-20,79.5,🟡 HIGH,Indo-Burmese Arc
2026-03-20,79.5,🟡 HIGH,Ninety East Ridge
2026-03-21,80.4,🟡 HIGH,Chile-Peru Trench
2026-03-21,80.4,🟡 HIGH,Cascadia Subduction
2026-03-21,80.4,🟡 HIGH,Japan Trench
2026-03-21,80.4,🟡 HIGH,Aleutian Trench
2026-03-21,80.4,🟡 HIGH,Kuril-Kamchatka
2026-03-21,80.4,🟡 HIGH,Izu-Bonin-Mariana
2026-03-21,80.4,🟡 HIGH,Philippine Trench
2026-03-21,80.4,🟡 HIGH,Java-Sumatra Trench
2026-03-21,80.4,🟡 HIGH,Tonga-Kermadec
2026-03-21,80.4,🟡 HIGH,Himalayan Thrust
2026-03-21,80.4,🟡 HIGH,Mediterranean-Hellenic
2026-03-21,80.4,🟡 HIGH,Andaman-Nicobar Trench
2026-03-21,80.4,🟡 HIGH,Sumatra-Java Trench
2026-03-21,80.4,🟡 HIGH,Andaman-Nicobar Segment
2026-03-21,80.4,🟡 HIGH,Indo-Gangetic Plain / Himalayan Front
2026-03-21,80.4,🟡 HIGH,Kachchh-Gujarat Rift
2026-03-21,80.4,🟡 HIGH,Makran Subduction Zone
2026-03-21,80.4,🟡 HIGH,Indo-Burmese Arc
2026-03-21,80.4,🟡 HIGH,Ninety East Ridge
2026-03-22,75.2,🟡 HIGH,Chile-Peru Trench
2026-03-22,75.2,🟡 HIGH,Cascadia Subduction
2026-03-22,75.2,🟡 HIGH,Japan Trench
2026-03-22,75.2,🟡 HIGH,Aleutian Trench
2026-03-22,75.2,🟡 HIGH,Kuril-Kamchatka
2026-03-22,75.2,🟡 HIGH,Izu-Bonin-Mariana
2026-03-22,75.2,🟡 HIGH,Philippine Trench
2026-03-22,75.2,🟡 HIGH,Java-Sumatra Trench
2026-03-22,75.2,🟡 HIGH,Tonga-Kermadec
2026-03-22,75.2,🟡 HIGH,Himalayan Thrust
2026-03-22,75.2,🟡 HIGH,Mediterranean-Hellenic
2026-03-22,75.2,🟡 HIGH,Andaman-Nicobar Trench
2026-03-22,75.2,🟡 HIGH,Sumatra-Java Trench
2026-03-22,75.2,🟡 HIGH,Andaman-Nicobar Segment
2026-03-22,75.2,🟡 HIGH,Indo-Gangetic Plain / Himalayan Front
2026-03-22,75.2,🟡 HIGH,Kachchh-Gujarat Rift
2026-03-22,75.2,🟡 HIGH,Makran Subduction Zone
2026-03-22,75.2,🟡 HIGH,Indo-Burmese Arc
2026-03-22,75.2,🟡 HIGH,Ninety East Ridge
2026-05-03,75.1,🟡 HIGH,Chile-Peru Trench
2026-05-03,75.1,🟡 HIGH,Cascadia Subduction
2026-05-03,75.1,🟡 HIGH,Japan Trench
2026-05-03,75.1,🟡 HIGH,Aleutian Trench
2026-05-03,75.1,🟡 HIGH,Kuril-Kamchatka
2026-05-03,75.1,🟡 HIGH,Izu-Bonin-Mariana
2026-05-03,75.1,🟡 HIGH,Philippine Trench
2026-05-03,75.1,🟡 HIGH,Java-Sumatra Trench
2026-05-03,75.1,🟡 HIGH,Tonga-Kermadec
2026-05-03,75.1,🟡 HIGH,Himalayan Thrust
2026-05-03,75.1,🟡 HIGH,Mediterranean-Hellenic
2026-05-03,75.1,🟡 HIGH,Andaman-Nicobar Trench
2026-05-03,75.1,🟡 HIGH,Sumatra-Java Trench
2026-05-03,75.1,🟡 HIGH,Andaman-Nicobar Segment
2026-05-03,75.1,🟡 HIGH,Indo-Gangetic Plain / Himalayan Front
2026-05-03,75.1,🟡 HIGH,Kachchh-Gujarat Rift
2026-05-03,75.1,🟡 HIGH,Makran Subduction Zone
2026-05-03,75.1,🟡 HIGH,Indo-Burmese Arc
2026-05-03,75.1,🟡 HIGH,Ninety East Ridge
2026-05-23,75.6,🟡 HIGH,Chile-Peru Trench
2026-05-23,75.6,🟡 HIGH,Cascadia Subduction
2026-05-23,75.6,🟡 HIGH,Japan Trench
2026-05-23,75.6,🟡 HIGH,Aleutian Trench
2026-05-23,75.6,🟡 HIGH,Kuril-Kamchatka
2026-05-23,75.6,🟡 HIGH,Izu-Bonin-Mariana
2026-05-23,75.6,🟡 HIGH,Philippine Trench
2026-05-23,75.6,🟡 HIGH,Java-Sumatra Trench
2026-05-23,75.6,🟡 HIGH,Tonga-Kermadec
2026-05-23,75.6,🟡 HIGH,Himalayan Thrust
2026-05-23,75.6,🟡 HIGH,Mediterranean-Hellenic
2026-05-23,75.6,🟡 HIGH,Andaman-Nicobar Trench
2026-05-23,75.6,🟡 HIGH,Sumatra-Java Trench
2026-05-23,75.6,🟡 HIGH,Andaman-Nicobar Segment
2026-05-23,75.6,🟡 HIGH,Indo-Gangetic Plain / Himalayan Front
2026-05-23,75.6,🟡 HIGH,Kachchh-Gujarat Rift
2026-05-23,75.6,🟡 HIGH,Makran Subduction Zone
2026-05-23,75.6,🟡 HIGH,Indo-Burmese Arc
2026-05-23,75.6,🟡 HIGH,Ninety East Ridge
2026-06-01,81.9,🟡 HIGH,Chile-Peru Trench
2026-06-01,81.9,🟡 HIGH,Cascadia Subduction
2026-06-01,81.9,🟡 HIGH,Japan Trench
2026-06-01,81.9,🟡 HIGH,Aleutian Trench
2026-06-01,81.9,🟡 HIGH,Kuril-Kamchatka
2026-06-01,81.9,🟡 HIGH,Izu-Bonin-Mariana
2026-06-01,81.9,🟡 HIGH,Philippine Trench
2026-06-01,81.9,🟡 HIGH,Java-Sumatra Trench
2026-06-01,81.9,🟡 HIGH,Tonga-Kermadec
2026-06-01,81.9,🟡 HIGH,Himalayan Thrust
2026-06-01,81.9,🟡 HIGH,Mediterranean-Hellenic
2026-06-01,81.9,🟡 HIGH,Andaman-Nicobar Trench
2026-06-01,81.9,🟡 HIGH,Sumatra-Java Trench
2026-06-01,81.9,🟡 HIGH,Andaman-Nicobar Segment
2026-06-01,81.9,🟡 HIGH,Indo-Gangetic Plain / Himalayan Front
2026-06-01,81.9,🟡 HIGH,Kachchh-Gujarat Rift
2026-06-01,81.9,🟡 HIGH,Makran Subduction Zone
2026-06-01,81.9,🟡 HIGH,Indo-Burmese Arc
2026-06-01,81.9,🟡 HIGH,Ninety East Ridge
2026-06-02,78.9,🟡 HIGH,Chile-Peru Trench
2026-06-02,78.9,🟡 HIGH,Cascadia Subduction
2026-06-02,78.9,🟡 HIGH,Japan Trench
2026-06-02,78.9,🟡 HIGH,Aleutian Trench
2026-06-02,78.9,🟡 HIGH,Kuril-Kamchatka
2026-06-02,78.9,🟡 HIGH,Izu-Bonin-Mariana
2026-06-02,78.9,🟡 HIGH,Philippine Trench
2026-06-02,78.9,🟡 HIGH,Java-Sumatra Trench
2026-06-02,78.9,🟡 HIGH,Tonga-Kermadec
2026-06-02,78.9,🟡 HIGH,Himalayan Thrust
2026-06-02,78.9,🟡 HIGH,Mediterranean-Hellenic
2026-06-02,78.9,🟡 HIGH,Andaman-Nicobar Trench
2026-06-02,78.9,🟡 HIGH,Sumatra-Java Trench
2026-06-02,78.9,🟡 HIGH,Andaman-Nicobar Segment
2026-06-02,78.9,🟡 HIGH,Indo-Gangetic Plain / Himalayan Front
2026-06-02,78.9,🟡 HIGH,Kachchh-Gujarat Rift
2026-06-02,78.9,🟡 HIGH,Makran Subduction Zone
2026-06-02,78.9,🟡 HIGH,Indo-Burmese Arc
2026-06-02,78.9,🟡 HIGH,Ninety East Ridge
2026-06-07,78.3,🟡 HIGH,Chile-Peru Trench
2026-06-07,78.3,🟡 HIGH,Cascadia Subduction
2026-06-07,78.3,🟡 HIGH,Japan Trench
2026-06-07,78.3,🟡 HIGH,Aleutian Trench
2026-06-07,78.3,🟡 HIGH,Kuril-Kamchatka
2026-06-07,78.3,🟡 HIGH,Izu-Bonin-Mariana
2026-06-07,78.3,🟡 HIGH,Philippine Trench
2026-06-07,78.3,🟡 HIGH,Java-Sumatra Trench
2026-06-07,78.3,🟡 HIGH,Tonga-Kermadec
2026-06-07,78.3,🟡 HIGH,Himalayan Thrust
2026-06-07,78.3,🟡 HIGH,Mediterranean-Hellenic
2026-06-07,78.3,🟡 HIGH,Andaman-Nicobar Trench
2026-06-07,78.3,🟡 HIGH,Sumatra-Java Trench
2026-06-07,78.3,🟡 HIGH,Andaman-Nicobar Segment
2026-06-07,78.3,🟡 HIGH,Indo-Gangetic Plain / Himalayan Front
2026-06-07,78.3,🟡 HIGH,Kachchh-Gujarat Rift
2026-06-07,78.3,🟡 HIGH,Makran Subduction Zone
2026-06-07,78.3,🟡 HIGH,Indo-Burmese Arc
2026-06-07,78.3,🟡 HIGH,Ninety East Ridge
2026-06-15,76.8,🟡 HIGH,Chile-Peru Trench
2026-06-15,76.8,🟡 HIGH,Cascadia Subduction
2026-06-15,76.8,🟡 HIGH,Japan Trench
2026-06-15,76.8,🟡 HIGH,Aleutian Trench
2026-06-15,76.8,🟡 HIGH,Kuril-Kamchatka
2026-06-15,76.8,🟡 HIGH,Izu-Bonin-Mariana
2026-06-15,76.8,🟡 HIGH,Philippine Trench
2026-06-15,76.8,🟡 HIGH,Java-Sumatra Trench
2026-06-15,76.8,🟡 HIGH,Tonga-Kermadec
2026-06-15,76.8,🟡 HIGH,Himalayan Thrust
2026-06-15,76.8,🟡 HIGH,Mediterranean-Hellenic
2026-06-15,76.8,🟡 HIGH,Andaman-Nicobar Trench
2026-06-15,76.8,🟡 HIGH,Sumatra-Java Trench
2026-06-15,76.8,🟡 HIGH,Andaman-Nicobar Segment
2026-06-15,76.8,🟡 HIGH,Indo-Gangetic Plain / Himalayan Front
2026-06-15,76.8,🟡 HIGH,Kachchh-Gujarat Rift
2026-06-15,76.8,🟡 HIGH,Makran Subduction Zone
2026-06-15,76.8,🟡 HIGH,Indo-Burmese Arc
2026-06-15,76.8,🟡 HIGH,Ninety East Ridge
2026-06-16,76.6,🟡 HIGH,Chile-Peru Trench
2026-06-16,76.6,🟡 HIGH,Cascadia Subduction
2026-06-16,76.6,🟡 HIGH,Japan Trench
2026-06-16,76.6,🟡 HIGH,Aleutian Trench
2026-06-16,76.6,🟡 HIGH,Kuril-Kamchatka
2026-06-16,76.6,🟡 HIGH,Izu-Bonin-Mariana
2026-06-16,76.6,🟡 HIGH,Philippine Trench
2026-06-16,76.6,🟡 HIGH,Java-Sumatra Trench
2026-06-16,76.6,🟡 HIGH,Tonga-Kermadec
2026-06-16,76.6,🟡 HIGH,Himalayan Thrust
2026-06-16,76.6,🟡 HIGH,Mediterranean-Hellenic
2026-06-16,76.6,🟡 HIGH,Andaman-Nicobar Trench
2026-06-16,76.6,🟡 HIGH,Sumatra-Java Trench
2026-06-16,76.6,🟡 HIGH,Andaman-Nicobar Segment
2026-06-16,76.6,🟡 HIGH,Indo-Gangetic Plain / Himalayan Front
2026-06-16,76.6,🟡 HIGH,Kachchh-Gujarat Rift
2026-06-16,76.6,🟡 HIGH,Makran Subduction Zone
2026-06-16,76.6,🟡 HIGH,Indo-Burmese Arc
2026-06-16,76.6,🟡 HIGH,Ninety East Ridge
2026-06-17,75.8,🟡 HIGH,Chile-Peru Trench
2026-06-17,75.8,🟡 HIGH,Cascadia Subduction
2026-06-17,75.8,🟡 HIGH,Japan Trench
2026-06-17,75.8,🟡 HIGH,Aleutian Trench
2026-06-17,75.8,🟡 HIGH,Kuril-Kamchatka
2026-06-17,75.8,🟡 HIGH,Izu-Bonin-Mariana
2026-06-17,75.8,🟡 HIGH,Philippine Trench
2026-06-17,75.8,🟡 HIGH,Java-Sumatra Trench
2026-06-17,75.8,🟡 HIGH,Tonga-Kermadec
2026-06-17,75.8,🟡 HIGH,Himalayan Thrust
2026-06-17,75.8,🟡 HIGH,Mediterranean-Hellenic
2026-06-17,75.8,🟡 HIGH,Andaman-Nicobar Trench
2026-06-17,75.8,🟡 HIGH,Sumatra-Java Trench
2026-06-17,75.8,🟡 HIGH,Andaman-Nicobar Segment
2026-06-17,75.8,🟡 HIGH,Indo-Gangetic Plain / Himalayan Front
2026-06-17,75.8,🟡 HIGH,Kachchh-Gujarat Rift
2026-06-17,75.8,🟡 HIGH,Makran Subduction Zone
2026-06-17,75.8,🟡 HIGH,Indo-Burmese Arc
2026-06-17,75.8,🟡 HIGH,Ninety East Ridge
2026-08-04,75.0,🟡 HIGH,Chile-Peru Trench
2026-08-04,75.0,🟡 HIGH,Cascadia Subduction
2026-08-04,75.0,🟡 HIGH,Japan Trench
2026-08-04,75.0,🟡 HIGH,Aleutian Trench
2026-08-04,75.0,🟡 HIGH,Kuril-Kamchatka
2026-08-04,75.0,🟡 HIGH,Izu-Bonin-Mariana
2026-08-04,75.0,🟡 HIGH,Philippine Trench
2026-08-04,75.0,🟡 HIGH,Java-Sumatra Trench
2026-08-04,75.0,🟡 HIGH,Tonga-Kermadec
2026-08-04,75.0,🟡 HIGH,Himalayan Thrust
2026-08-04,75.0,🟡 HIGH,Mediterranean-Hellenic
2026-08-04,75.0,🟡 HIGH,Andaman-Nicobar Trench
2026-08-04,75.0,🟡 HIGH,Sumatra-Java Trench
2026-08-04,75.0,🟡 HIGH,Andaman-Nicobar Segment
2026-08-04,75.0,🟡 HIGH,Indo-Gangetic Plain / Himalayan Front
2026-08-04,75.0,🟡 HIGH,Kachchh-Gujarat Rift
2026-08-04,75.0,🟡 HIGH,Makran Subduction Zone
2026-08-04,75.0,🟡 HIGH,Indo-Burmese Arc
2026-08-04,75.0,🟡 HIGH,Ninety East Ridge
2026-08-19,75.9,🟡 HIGH,Chile-Peru Trench
2026-08-19,75.9,🟡 HIGH,Cascadia Subduction
2026-08-19,75.9,🟡 HIGH,Japan Trench
2026-08-19,75.9,🟡 HIGH,Aleutian Trench
2026-08-19,75.9,🟡 HIGH,Kuril-Kamchatka
2026-08-19,75.9,🟡 HIGH,Izu-Bonin-Mariana
2026-08-19,75.9,🟡 HIGH,Philippine Trench
2026-08-19,75.9,🟡 HIGH,Java-Sumatra Trench
2026-08-19,75.9,🟡 HIGH,Tonga-Kermadec
2026-08-19,75.9,🟡 HIGH,Himalayan Thrust
2026-08-19,75.9,🟡 HIGH,Mediterranean-Hellenic
2026-08-19,75.9,🟡 HIGH,Andaman-Nicobar Trench
2026-08-19,75.9,🟡 HIGH,Sumatra-Java Trench
2026-08-19,75.9,🟡 HIGH,Andaman-Nicobar Segment
2026-08-19,75.9,🟡 HIGH,Indo-Gangetic Plain / Himalayan Front
2026-08-19,75.9,🟡 HIGH,Kachchh-Gujarat Rift
2026-08-19,75.9,🟡 HIGH,Makran Subduction Zone
2026-08-19,75.9,🟡 HIGH,Indo-Burmese Arc
2026-08-19,75.9,🟡 HIGH,Ninety East Ridge
2026-09-27,76.6,🟡 HIGH,Chile-Peru Trench
2026-09-27,76.6,🟡 HIGH,Cascadia Subduction
2026-09-27,76.6,🟡 HIGH,Japan Trench
2026-09-27,76.6,🟡 HIGH,Aleutian Trench
2026-09-27,76.6,🟡 HIGH,Kuril-Kamchatka
2026-09-27,76.6,🟡 HIGH,Izu-Bonin-Mariana
2026-09-27,76.6,🟡 HIGH,Philippine Trench
2026-09-27,76.6,🟡 HIGH,Java-Sumatra Trench
2026-09-27,76.6,🟡 HIGH,Tonga-Kermadec
2026-09-27,76.6,🟡 HIGH,Himalayan Thrust
2026-09-27,76.6,🟡 HIGH,Mediterranean-Hellenic
2026-09-27,76.6,🟡 HIGH,Andaman-Nicobar Trench
2026-09-27,76.6,🟡 HIGH,Sumatra-Java Trench
2026-09-27,76.6,🟡 HIGH,Andaman-Nicobar Segment
2026-09-27,76.6,🟡 HIGH,Indo-Gangetic Plain / Himalayan Front
2026-09-27,76.6,🟡 HIGH,Kachchh-Gujarat Rift
2026-09-27,76.6,🟡 HIGH,Makran Subduction Zone
2026-09-27,76.6,🟡 HIGH,Indo-Burmese Arc
2026-09-27,76.6,🟡 HIGH,Ninety East Ridge
2026-09-28,79.7,🟡 HIGH,Chile-Peru Trench
2026-09-28,79.7,🟡 HIGH,Cascadia Subduction
2026-09-28,79.7,🟡 HIGH,Japan Trench
2026-09-28,79.7,🟡 HIGH,Aleutian Trench
2026-09-28,79.7,🟡 HIGH,Kuril-Kamchatka
2026-09-28,79.7,🟡 HIGH,Izu-Bonin-Mariana
2026-09-28,79.7,🟡 HIGH,Philippine Trench
2026-09-28,79.7,🟡 HIGH,Java-Sumatra Trench
2026-09-28,79.7,🟡 HIGH,Tonga-Kermadec
2026-09-28,79.7,🟡 HIGH,Himalayan Thrust
2026-09-28,79.7,🟡 HIGH,Mediterranean-Hellenic
2026-09-28,79.7,🟡 HIGH,Andaman-Nicobar Trench
2026-09-28,79.7,🟡 HIGH,Sumatra-Java Trench
2026-09-28,79.7,🟡 HIGH,Andaman-Nicobar Segment
2026-09-28,79.7,🟡 HIGH,Indo-Gangetic Plain / Himalayan Front
2026-09-28,79.7,🟡 HIGH,Kachchh-Gujarat Rift
2026-09-28,79.7,🟡 HIGH,Makran Subduction Zone
2026-09-28,79.7,🟡 HIGH,Indo-Burmese Arc
2026-09-28,79.7,🟡 HIGH,Ninety East Ridge
2026-09-29,78.2,🟡 HIGH,Chile-Peru Trench
2026-09-29,78.2,🟡 HIGH,Cascadia Subduction
2026-09-29,78.2,🟡 HIGH,Japan Trench
2026-09-29,78.2,🟡 HIGH,Aleutian Trench
2026-09-29,78.2,🟡 HIGH,Kuril-Kamchatka
2026-09-29,78.2,🟡 HIGH,Izu-Bonin-Mariana
2026-09-29,78.2,🟡 HIGH,Philippine Trench
2026-09-29,78.2,🟡 HIGH,Java-Sumatra Trench
2026-09-29,78.2,🟡 HIGH,Tonga-Kermadec
2026-09-29,78.2,🟡 HIGH,Himalayan Thrust
2026-09-29,78.2,🟡 HIGH,Mediterranean-Hellenic
2026-09-29,78.2,🟡 HIGH,Andaman-Nicobar Trench
2026-09-29,78.2,🟡 HIGH,Sumatra-Java Trench
2026-09-29,78.2,🟡 HIGH,Andaman-Nicobar Segment
2026-09-29,78.2,🟡 HIGH,Indo-Gangetic Plain / Himalayan Front
2026-09-29,78.2,🟡 HIGH,Kachchh-Gujarat Rift
2026-09-29,78.2,🟡 HIGH,Makran Subduction Zone
2026-09-29,78.2,🟡 HIGH,Indo-Burmese Arc
2026-09-29,78.2,🟡 HIGH,Ninety East Ridge
2026-09-30,78.6,🟡 HIGH,Chile-Peru Trench
2026-09-30,78.6,🟡 HIGH,Cascadia Subduction
2026-09-30,78.6,🟡 HIGH,Japan Trench
2026-09-30,78.6,🟡 HIGH,Aleutian Trench
2026-09-30,78.6,🟡 HIGH,Kuril-Kamchatka
2026-09-30,78.6,🟡 HIGH,Izu-Bonin-Mariana
2026-09-30,78.6,🟡 HIGH,Philippine Trench
2026-09-30,78.6,🟡 HIGH,Java-Sumatra Trench
2026-09-30,78.6,🟡 HIGH,Tonga-Kermadec
2026-09-30,78.6,🟡 HIGH,Himalayan Thrust
2026-09-30,78.6,🟡 HIGH,Mediterranean-Hellenic
2026-09-30,78.6,🟡 HIGH,Andaman-Nicobar Trench
2026-09-30,78.6,🟡 HIGH,Sumatra-Java Trench
2026-09-30,78.6,🟡 HIGH,Andaman-Nicobar Segment
2026-09-30,78.6,🟡 HIGH,Indo-Gangetic Plain / Himalayan Front
2026-09-30,78.6,🟡 HIGH,Kachchh-Gujarat Rift
2026-09-30,78.6,🟡 HIGH,Makran Subduction Zone
2026-09-30,78.6,🟡 HIGH,Indo-Burmese Arc
2026-09-30,78.6,🟡 HIGH,Ninety East Ridge
2026-10-14,76.0,🟡 HIGH,Chile-Peru Trench
2026-10-14,76.0,🟡 HIGH,Cascadia Subduction
2026-10-14,76.0,🟡 HIGH,Japan Trench
2026-10-14,76.0,🟡 HIGH,Aleutian Trench
2026-10-14,76.0,🟡 HIGH,Kuril-Kamchatka
2026-10-14,76.0,🟡 HIGH,Izu-Bonin-Mariana
2026-10-14,76.0,🟡 HIGH,Philippine Trench
2026-10-14,76.0,🟡 HIGH,Java-Sumatra Trench
2026-10-14,76.0,🟡 HIGH,Tonga-Kermadec
2026-10-14,76.0,🟡 HIGH,Himalayan Thrust
2026-10-14,76.0,🟡 HIGH,Mediterranean-Hellenic
2026-10-14,76.0,🟡 HIGH,Andaman-Nicobar Trench
2026-10-14,76.0,🟡 HIGH,Sumatra-Java Trench
2026-10-14,76.0,🟡 HIGH,Andaman-Nicobar Segment
2026-10-14,76.0,🟡 HIGH,Indo-Gangetic Plain / Himalayan Front
2026-10-14,76.0,🟡 HIGH,Kachchh-Gujarat Rift
2026-10-14,76.0,🟡 HIGH,Makran Subduction Zone
2026-10-14,76.0,🟡 HIGH,Indo-Burmese Arc
2026-10-14,76.0,🟡 HIGH,Ninety East Ridge
2026-10-16,76.0,🟡 HIGH,Chile-Peru Trench
2026-10-16,76.0,🟡 HIGH,Cascadia Subduction
2026-10-16,76.0,🟡 HIGH,Japan Trench
2026-10-16,76.0,🟡 HIGH,Aleutian Trench
2026-10-16,76.0,🟡 HIGH,Kuril-Kamchatka
2026-10-16,76.0,🟡 HIGH,Izu-Bonin-Mariana
2026-10-16,76.0,🟡 HIGH,Philippine Trench
2026-10-16,76.0,🟡 HIGH,Java-Sumatra Trench
2026-10-16,76.0,🟡 HIGH,Tonga-Kermadec
2026-10-16,76.0,🟡 HIGH,Himalayan Thrust
2026-10-16,76.0,🟡 HIGH,Mediterranean-Hellenic
2026-10-16,76.0,🟡 HIGH,Andaman-Nicobar Trench
2026-10-16,76.0,🟡 HIGH,Sumatra-Java Trench
2026-10-16,76.0,🟡 HIGH,Andaman-Nicobar Segment
2026-10-16,76.0,🟡 HIGH,Indo-Gangetic Plain / Himalayan Front
2026-10-16,76.0,🟡 HIGH,Kachchh-Gujarat Rift
2026-10-16,76.0,🟡 HIGH,Makran Subduction Zone
2026-10-16,76.0,🟡 HIGH,Indo-Burmese Arc
2026-10-16,76.0,🟡 HIGH,Ninety East Ridge
2026-11-27,76.8,🟡 HIGH,Chile-Peru Trench
2026-11-27,76.8,🟡 HIGH,Cascadia Subduction
2026-11-27,76.8,🟡 HIGH,Japan Trench
2026-11-27,76.8,🟡 HIGH,Aleutian Trench
2026-11-27,76.8,🟡 HIGH,Kuril-Kamchatka
2026-11-27,76.8,🟡 HIGH,Izu-Bonin-Mariana
2026-11-27,76.8,🟡 HIGH,Philippine Trench
2026-11-27,76.8,🟡 HIGH,Java-Sumatra Trench
2026-11-27,76.8,🟡 HIGH,Tonga-Kermadec
2026-11-27,76.8,🟡 HIGH,Himalayan Thrust
2026-11-27,76.8,🟡 HIGH,Mediterranean-Hellenic
2026-11-27,76.8,🟡 HIGH,Andaman-Nicobar Trench
2026-11-27,76.8,🟡 HIGH,Sumatra-Java Trench
2026-11-27,76.8,🟡 HIGH,Andaman-Nicobar Segment
2026-11-27,76.8,🟡 HIGH,Indo-Gangetic Plain / Himalayan Front
2026-11-27,76.8,🟡 HIGH,Kachchh-Gujarat Rift
2026-11-27,76.8,🟡 HIGH,Makran Subduction Zone
2026-11-27,76.8,🟡 HIGH,Indo-Burmese Arc
2026-11-27,76.8,🟡 HIGH,Ninety East Ridge
2026-11-28,76.6,🟡 HIGH,Chile-Peru Trench
2026-11-28,76.6,🟡 HIGH,Cascadia Subduction
2026-11-28,76.6,🟡 HIGH,Japan Trench
2026-11-28,76.6,🟡 HIGH,Aleutian Trench
2026-11-28,76.6,🟡 HIGH,Kuril-Kamchatka
2026-11-28,76.6,🟡 HIGH,Izu-Bonin-Mariana
2026-11-28,76.6,🟡 HIGH,Philippine Trench
2026-11-28,76.6,🟡 HIGH,Java-Sumatra Trench
2026-11-28,76.6,🟡 HIGH,Tonga-Kermadec
2026-11-28,76.6,🟡 HIGH,Himalayan Thrust
2026-11-28,76.6,🟡 HIGH,Mediterranean-Hellenic
2026-11-28,76.6,🟡 HIGH,Andaman-Nicobar Trench
2026-11-28,76.6,🟡 HIGH,Sumatra-Java Trench
2026-11-28,76.6,🟡 HIGH,Andaman-Nicobar Segment
2026-11-28,76.6,🟡 HIGH,Indo-Gangetic Plain / Himalayan Front
2026-11-28,76.6,🟡 HIGH,Kachchh-Gujarat Rift
2026-11-28,76.6,🟡 HIGH,Makran Subduction Zone
2026-11-28,76.6,🟡 HIGH,Indo-Burmese Arc
2026-11-28,76.6,🟡 HIGH,Ninety East Ridge
2026-11-29,76.6,🟡 HIGH,Chile-Peru Trench
2026-11-29,76.6,🟡 HIGH,Cascadia Subduction
2026-11-29,76.6,🟡 HIGH,Japan Trench
2026-11-29,76.6,🟡 HIGH,Aleutian Trench
2026-11-29,76.6,🟡 HIGH,Kuril-Kamchatka
2026-11-29,76.6,🟡 HIGH,Izu-Bonin-Mariana
2026-11-29,76.6,🟡 HIGH,Philippine Trench
2026-11-29,76.6,🟡 HIGH,Java-Sumatra Trench
2026-11-29,76.6,🟡 HIGH,Tonga-Kermadec
2026-11-29,76.6,🟡 HIGH,Himalayan Thrust
2026-11-29,76.6,🟡 HIGH,Mediterranean-Hellenic
2026-11-29,76.6,🟡 HIGH,Andaman-Nicobar Trench
2026-11-29,76.6,🟡 HIGH,Sumatra-Java Trench
2026-11-29,76.6,🟡 HIGH,Andaman-Nicobar Segment
2026-11-29,76.6,🟡 HIGH,Indo-Gangetic Plain / Himalayan Front
2026-11-29,76.6,🟡 HIGH,Kachchh-Gujarat Rift
2026-11-29,76.6,🟡 HIGH,Makran Subduction Zone
2026-11-29,76.6,🟡 HIGH,Indo-Burmese Arc
2026-11-29,76.6,🟡 HIGH,Ninety East Ridge
2026-11-30,75.6,🟡 HIGH,Chile-Peru Trench
2026-11-30,75.6,🟡 HIGH,Cascadia Subduction
2026-11-30,75.6,🟡 HIGH,Japan Trench
2026-11-30,75.6,🟡 HIGH,Aleutian Trench
2026-11-30,75.6,🟡 HIGH,Kuril-Kamchatka
2026-11-30,75.6,🟡 HIGH,Izu-Bonin-Mariana
2026-11-30,75.6,🟡 HIGH,Philippine Trench
2026-11-30,75.6,🟡 HIGH,Java-Sumatra Trench
2026-11-30,75.6,🟡 HIGH,Tonga-Kermadec
2026-11-30,75.6,🟡 HIGH,Himalayan Thrust
2026-11-30,75.6,🟡 HIGH,Mediterranean-Hellenic
2026-11-30,75.6,🟡 HIGH,Andaman-Nicobar Trench
2026-11-30,75.6,🟡 HIGH,Sumatra-Java Trench
2026-11-30,75.6,🟡 HIGH,Andaman-Nicobar Segment
2026-11-30,75.6,🟡 HIGH,Indo-Gangetic Plain / Himalayan Front
2026-11-30,75.6,🟡 HIGH,Kachchh-Gujarat Rift
2026-11-30,75.6,🟡 HIGH,Makran Subduction Zone
2026-11-30,75.6,🟡 HIGH,Indo-Burmese Arc
2026-11-30,75.6,🟡 HIGH,Ninety East Ridge
2026-12-01,76.8,🟡 HIGH,Chile-Peru Trench
2026-12-01,76.8,🟡 HIGH,Cascadia Subduction
2026-12-01,76.8,🟡 HIGH,Japan Trench
2026-12-01,76.8,🟡 HIGH,Aleutian Trench
2026-12-01,76.8,🟡 HIGH,Kuril-Kamchatka
2026-12-01,76.8,🟡 HIGH,Izu-Bonin-Mariana
2026-12-01,76.8,🟡 HIGH,Philippine Trench
2026-12-01,76.8,🟡 HIGH,Java-Sumatra Trench
2026-12-01,76.8,🟡 HIGH,Tonga-Kermadec
2026-12-01,76.8,🟡 HIGH,Himalayan Thrust
2026-12-01,76.8,🟡 HIGH,Mediterranean-Hellenic
2026-12-01,76.8,🟡 HIGH,Andaman-Nicobar Trench
2026-12-01,76.8,🟡 HIGH,Sumatra-Java Trench
2026-12-01,76.8,🟡 HIGH,Andaman-Nicobar Segment
2026-12-01,76.8,🟡 HIGH,Indo-Gangetic Plain / Himalayan Front
2026-12-01,76.8,🟡 HIGH,Kachchh-Gujarat Rift
2026-12-01,76.8,🟡 HIGH,Makran Subduction Zone
2026-12-01,76.8,🟡 HIGH,Indo-Burmese Arc
2026-12-01,76.8,🟡 HIGH,Ninety East Ridge
2027-03-24,79.8,🟡 HIGH,Chile-Peru Trench
2027-03-24,79.8,🟡 HIGH,Cascadia Subduction
2027-03-24,79.8,🟡 HIGH,Japan Trench
2027-03-24,79.8,🟡 HIGH,Aleutian Trench
2027-03-24,79.8,🟡 HIGH,Kuril-Kamchatka
2027-03-24,79.8,🟡 HIGH,Izu-Bonin-Mariana
2027-03-24,79.8,🟡 HIGH,Philippine Trench
2027-03-24,79.8,🟡 HIGH,Java-Sumatra Trench
2027-03-24,79.8,🟡 HIGH,Tonga-Kermadec
2027-03-24,79.8,🟡 HIGH,Himalayan Thrust
2027-03-24,79.8,🟡 HIGH,Mediterranean-Hellenic
2027-03-24,79.8,🟡 HIGH,Andaman-Nicobar Trench
2027-03-24,79.8,🟡 HIGH,Sumatra-Java Trench
2027-03-24,79.8,🟡 HIGH,Andaman-Nicobar Segment
2027-03-24,79.8,🟡 HIGH,Indo-Gangetic Plain / Himalayan Front
2027-03-24,79.8,🟡 HIGH,Kachchh-Gujarat Rift
2027-03-24,79.8,🟡 HIGH,Makran Subduction Zone
2027-03-24,79.8,🟡 HIGH,Indo-Burmese Arc
2027-03-24,79.8,🟡 HIGH,Ninety East Ridge
2027-03-25,75.3,🟡 HIGH,Chile-Peru Trench
2027-03-25,75.3,🟡 HIGH,Cascadia Subduction
2027-03-25,75.3,🟡 HIGH,Japan Trench
2027-03-25,75.3,🟡 HIGH,Aleutian Trench
2027-03-25,75.3,🟡 HIGH,Kuril-Kamchatka
2027-03-25,75.3,🟡 HIGH,Izu-Bonin-Mariana
2027-03-25,75.3,🟡 HIGH,Philippine Trench
2027-03-25,75.3,🟡 HIGH,Java-Sumatra Trench
2027-03-25,75.3,🟡 HIGH,Tonga-Kermadec
2027-03-25,75.3,🟡 HIGH,Himalayan Thrust
2027-03-25,75.3,🟡 HIGH,Mediterranean-Hellenic
2027-03-25,75.3,🟡 HIGH,Andaman-Nicobar Trench
2027-03-25,75.3,🟡 HIGH,Sumatra-Java Trench
2027-03-25,75.3,🟡 HIGH,Andaman-Nicobar Segment
2027-03-25,75.3,🟡 HIGH,Indo-Gangetic Plain / Himalayan Front
2027-03-25,75.3,🟡 HIGH,Kachchh-Gujarat Rift
2027-03-25,75.3,🟡 HIGH,Makran Subduction Zone
2027-03-25,75.3,🟡 HIGH,Indo-Burmese Arc
2027-03-25,75.3,🟡 HIGH,Ninety East Ridge
2027-03-26,78.7,🟡 HIGH,Chile-Peru Trench
2027-03-26,78.7,🟡 HIGH,Cascadia Subduction
2027-03-26,78.7,🟡 HIGH,Japan Trench
2027-03-26,78.7,🟡 HIGH,Aleutian Trench
2027-03-26,78.7,🟡 HIGH,Kuril-Kamchatka
2027-03-26,78.7,🟡 HIGH,Izu-Bonin-Mariana
2027-03-26,78.7,🟡 HIGH,Philippine Trench
2027-03-26,78.7,🟡 HIGH,Java-Sumatra Trench
2027-03-26,78.7,🟡 HIGH,Tonga-Kermadec
2027-03-26,78.7,🟡 HIGH,Himalayan Thrust
2027-03-26,78.7,🟡 HIGH,Mediterranean-Hellenic
2027-03-26,78.7,🟡 HIGH,Andaman-Nicobar Trench
2027-03-26,78.7,🟡 HIGH,Sumatra-Java Trench
2027-03-26,78.7,🟡 HIGH,Andaman-Nicobar Segment
2027-03-26,78.7,🟡 HIGH,Indo-Gangetic Plain / Himalayan Front
2027-03-26,78.7,🟡 HIGH,Kachchh-Gujarat Rift
2027-03-26,78.7,🟡 HIGH,Makran Subduction Zone
2027-03-26,78.7,🟡 HIGH,Indo-Burmese Arc
2027-03-26,78.7,🟡 HIGH,Ninety East Ridge
2027-03-27,76.1,🟡 HIGH,Chile-Peru Trench
2027-03-27,76.1,🟡 HIGH,Cascadia Subduction
2027-03-27,76.1,🟡 HIGH,Japan Trench
2027-03-27,76.1,🟡 HIGH,Aleutian Trench
2027-03-27,76.1,🟡 HIGH,Kuril-Kamchatka
2027-03-27,76.1,🟡 HIGH,Izu-Bonin-Mariana
2027-03-27,76.1,🟡 HIGH,Philippine Trench
2027-03-27,76.1,🟡 HIGH,Java-Sumatra Trench
2027-03-27,76.1,🟡 HIGH,Tonga-Kermadec
2027-03-27,76.1,🟡 HIGH,Himalayan Thrust
2027-03-27,76.1,🟡 HIGH,Mediterranean-Hellenic
2027-03-27,76.1,🟡 HIGH,Andaman-Nicobar Trench
2027-03-27,76.1,🟡 HIGH,Sumatra-Java Trench
2027-03-27,76.1,🟡 HIGH,Andaman-Nicobar Segment
2027-03-27,76.1,🟡 HIGH,Indo-Gangetic Plain / Himalayan Front
2027-03-27,76.1,🟡 HIGH,Kachchh-Gujarat Rift
2027-03-27,76.1,🟡 HIGH,Makran Subduction Zone
2027-03-27,76.1,🟡 HIGH,Indo-Burmese Arc
2027-03-27,76.1,🟡 HIGH,Ninety East Ridge
2027-03-28,75.3,🟡 HIGH,Chile-Peru Trench
2027-03-28,75.3,🟡 HIGH,Cascadia Subduction
2027-03-28,75.3,🟡 HIGH,Japan Trench
2027-03-28,75.3,🟡 HIGH,Aleutian Trench
2027-03-28,75.3,🟡 HIGH,Kuril-Kamchatka
2027-03-28,75.3,🟡 HIGH,Izu-Bonin-Mariana
2027-03-28,75.3,🟡 HIGH,Philippine Trench
2027-03-28,75.3,🟡 HIGH,Java-Sumatra Trench
2027-03-28,75.3,🟡 HIGH,Tonga-Kermadec
2027-03-28,75.3,🟡 HIGH,Himalayan Thrust
2027-03-28,75.3,🟡 HIGH,Mediterranean-Hellenic
2027-03-28,75.3,🟡 HIGH,Andaman-Nicobar Trench
2027-03-28,75.3,🟡 HIGH,Sumatra-Java Trench
2027-03-28,75.3,🟡 HIGH,Andaman-Nicobar Segment
2027-03-28,75.3,🟡 HIGH,Indo-Gangetic Plain / Himalayan Front
2027-03-28,75.3,🟡 HIGH,Kachchh-Gujarat Rift
2027-03-28,75.3,🟡 HIGH,Makran Subduction Zone
2027-03-28,75.3,🟡 HIGH,Indo-Burmese Arc
2027-03-28,75.3,🟡 HIGH,Ninety East Ridge
2027-03-29,75.2,🟡 HIGH,Chile-Peru Trench
2027-03-29,75.2,🟡 HIGH,Cascadia Subduction
2027-03-29,75.2,🟡 HIGH,Japan Trench
2027-03-29,75.2,🟡 HIGH,Aleutian Trench
2027-03-29,75.2,🟡 HIGH,Kuril-Kamchatka
2027-03-29,75.2,🟡 HIGH,Izu-Bonin-Mariana
2027-03-29,75.2,🟡 HIGH,Philippine Trench
2027-03-29,75.2,🟡 HIGH,Java-Sumatra Trench
2027-03-29,75.2,🟡 HIGH,Tonga-Kermadec
2027-03-29,75.2,🟡 HIGH,Himalayan Thrust
2027-03-29,75.2,🟡 HIGH,Mediterranean-Hellenic
2027-03-29,75.2,🟡 HIGH,Andaman-Nicobar Trench
2027-03-29,75.2,🟡 HIGH,Sumatra-Java Trench
2027-03-29,75.2,🟡 HIGH,Andaman-Nicobar Segment
2027-03-29,75.2,🟡 HIGH,Indo-Gangetic Plain / Himalayan Front
2027-03-29,75.2,🟡 HIGH,Kachchh-Gujarat Rift
2027-03-29,75.2,🟡 HIGH,Makran Subduction Zone
2027-03-29,75.2,🟡 HIGH,Indo-Burmese Arc
2027-03-29,75.2,🟡 HIGH,Ninety East Ridge
2027-04-22,78.3,🟡 HIGH,Chile-Peru Trench
2027-04-22,78.3,🟡 HIGH,Cascadia Subduction
2027-04-22,78.3,🟡 HIGH,Japan Trench
2027-04-22,78.3,🟡 HIGH,Aleutian Trench
2027-04-22,78.3,🟡 HIGH,Kuril-Kamchatka
2027-04-22,78.3,🟡 HIGH,Izu-Bonin-Mariana
2027-04-22,78.3,🟡 HIGH,Philippine Trench
2027-04-22,78.3,🟡 HIGH,Java-Sumatra Trench
2027-04-22,78.3,🟡 HIGH,Tonga-Kermadec
2027-04-22,78.3,🟡 HIGH,Himalayan Thrust
2027-04-22,78.3,🟡 HIGH,Mediterranean-Hellenic
2027-04-22,78.3,🟡 HIGH,Andaman-Nicobar Trench
2027-04-22,78.3,🟡 HIGH,Sumatra-Java Trench
2027-04-22,78.3,🟡 HIGH,Andaman-Nicobar Segment
2027-04-22,78.3,🟡 HIGH,Indo-Gangetic Plain / Himalayan Front
2027-04-22,78.3,🟡 HIGH,Kachchh-Gujarat Rift
2027-04-22,78.3,🟡 HIGH,Makran Subduction Zone
2027-04-22,78.3,🟡 HIGH,Indo-Burmese Arc
2027-04-22,78.3,🟡 HIGH,Ninety East Ridge
2027-04-23,76.0,🟡 HIGH,Chile-Peru Trench
2027-04-23,76.0,🟡 HIGH,Cascadia Subduction
2027-04-23,76.0,🟡 HIGH,Japan Trench
2027-04-23,76.0,🟡 HIGH,Aleutian Trench
2027-04-23,76.0,🟡 HIGH,Kuril-Kamchatka
2027-04-23,76.0,🟡 HIGH,Izu-Bonin-Mariana
2027-04-23,76.0,🟡 HIGH,Philippine Trench
2027-04-23,76.0,🟡 HIGH,Java-Sumatra Trench
2027-04-23,76.0,🟡 HIGH,Tonga-Kermadec
2027-04-23,76.0,🟡 HIGH,Himalayan Thrust
2027-04-23,76.0,🟡 HIGH,Mediterranean-Hellenic
2027-04-23,76.0,🟡 HIGH,Andaman-Nicobar Trench
2027-04-23,76.0,🟡 HIGH,Sumatra-Java Trench
2027-04-23,76.0,🟡 HIGH,Andaman-Nicobar Segment
2027-04-23,76.0,🟡 HIGH,Indo-Gangetic Plain / Himalayan Front
2027-04-23,76.0,🟡 HIGH,Kachchh-Gujarat Rift
2027-04-23,76.0,🟡 HIGH,Makran Subduction Zone
2027-04-23,76.0,🟡 HIGH,Indo-Burmese Arc
2027-04-23,76.0,🟡 HIGH,Ninety East Ridge
2027-04-25,79.5,🟡 HIGH,Chile-Peru Trench
2027-04-25,79.5,🟡 HIGH,Cascadia Subduction
2027-04-25,79.5,🟡 HIGH,Japan Trench
2027-04-25,79.5,🟡 HIGH,Aleutian Trench
2027-04-25,79.5,🟡 HIGH,Kuril-Kamchatka
2027-04-25,79.5,🟡 HIGH,Izu-Bonin-Mariana
2027-04-25,79.5,🟡 HIGH,Philippine Trench
2027-04-25,79.5,🟡 HIGH,Java-Sumatra Trench
2027-04-25,79.5,🟡 HIGH,Tonga-Kermadec
2027-04-25,79.5,🟡 HIGH,Himalayan Thrust
2027-04-25,79.5,🟡 HIGH,Mediterranean-Hellenic
2027-04-25,79.5,🟡 HIGH,Andaman-Nicobar Trench
2027-04-25,79.5,🟡 HIGH,Sumatra-Java Trench
2027-04-25,79.5,🟡 HIGH,Andaman-Nicobar Segment
2027-04-25,79.5,🟡 HIGH,Indo-Gangetic Plain / Himalayan Front
2027-04-25,79.5,🟡 HIGH,Kachchh-Gujarat Rift
2027-04-25,79.5,🟡 HIGH,Makran Subduction Zone
2027-04-25,79.5,🟡 HIGH,Indo-Burmese Arc
2027-04-25,79.5,🟡 HIGH,Ninety East Ridge
2027-04-26,80.7,🟡 HIGH,Chile-Peru Trench
2027-04-26,80.7,🟡 HIGH,Cascadia Subduction
2027-04-26,80.7,🟡 HIGH,Japan Trench
2027-04-26,80.7,🟡 HIGH,Aleutian Trench
2027-04-26,80.7,🟡 HIGH,Kuril-Kamchatka
2027-04-26,80.7,🟡 HIGH,Izu-Bonin-Mariana
2027-04-26,80.7,🟡 HIGH,Philippine Trench
2027-04-26,80.7,🟡 HIGH,Java-Sumatra Trench
2027-04-26,80.7,🟡 HIGH,Tonga-Kermadec
2027-04-26,80.7,🟡 HIGH,Himalayan Thrust
2027-04-26,80.7,🟡 HIGH,Mediterranean-Hellenic
2027-04-26,80.7,🟡 HIGH,Andaman-Nicobar Trench
2027-04-26,80.7,🟡 HIGH,Sumatra-Java Trench
2027-04-26,80.7,🟡 HIGH,Andaman-Nicobar Segment
2027-04-26,80.7,🟡 HIGH,Indo-Gangetic Plain / Himalayan Front
2027-04-26,80.7,🟡 HIGH,Kachchh-Gujarat Rift
2027-04-26,80.7,🟡 HIGH,Makran Subduction Zone
2027-04-26,80.7,🟡 HIGH,Indo-Burmese Arc
2027-04-26,80.7,🟡 HIGH,Ninety East Ridge
2027-04-27,81.1,🟡 HIGH,Chile-Peru Trench
2027-04-27,81.1,🟡 HIGH,Cascadia Subduction
2027-04-27,81.1,🟡 HIGH,Japan Trench
2027-04-27,81.1,🟡 HIGH,Aleutian Trench
2027-04-27,81.1,🟡 HIGH,Kuril-Kamchatka
2027-04-27,81.1,🟡 HIGH,Izu-Bonin-Mariana
2027-04-27,81.1,🟡 HIGH,Philippine Trench
2027-04-27,81.1,🟡 HIGH,Java-Sumatra Trench
2027-04-27,81.1,🟡 HIGH,Tonga-Kermadec
2027-04-27,81.1,🟡 HIGH,Himalayan Thrust
2027-04-27,81.1,🟡 HIGH,Mediterranean-Hellenic
2027-04-27,81.1,🟡 HIGH,Andaman-Nicobar Trench
2027-04-27,81.1,🟡 HIGH,Sumatra-Java Trench
2027-04-27,81.1,🟡 HIGH,Andaman-Nicobar Segment
2027-04-27,81.1,🟡 HIGH,Indo-Gangetic Plain / Himalayan Front
2027-04-27,81.1,🟡 HIGH,Kachchh-Gujarat Rift
2027-04-27,81.1,🟡 HIGH,Makran Subduction Zone
2027-04-27,81.1,🟡 HIGH,Indo-Burmese Arc
2027-04-27,81.1,🟡 HIGH,Ninety East Ridge
2027-05-07,78.5,🟡 HIGH,Chile-Peru Trench
2027-05-07,78.5,🟡 HIGH,Cascadia Subduction
2027-05-07,78.5,🟡 HIGH,Japan Trench
2027-05-07,78.5,🟡 HIGH,Aleutian Trench
2027-05-07,78.5,🟡 HIGH,Kuril-Kamchatka
2027-05-07,78.5,🟡 HIGH,Izu-Bonin-Mariana
2027-05-07,78.5,🟡 HIGH,Philippine Trench
2027-05-07,78.5,🟡 HIGH,Java-Sumatra Trench
2027-05-07,78.5,🟡 HIGH,Tonga-Kermadec
2027-05-07,78.5,🟡 HIGH,Himalayan Thrust
2027-05-07,78.5,🟡 HIGH,Mediterranean-Hellenic
2027-05-07,78.5,🟡 HIGH,Andaman-Nicobar Trench
2027-05-07,78.5,🟡 HIGH,Sumatra-Java Trench
2027-05-07,78.5,🟡 HIGH,Andaman-Nicobar Segment
2027-05-07,78.5,🟡 HIGH,Indo-Gangetic Plain / Himalayan Front
2027-05-07,78.5,🟡 HIGH,Kachchh-Gujarat Rift
2027-05-07,78.5,🟡 HIGH,Makran Subduction Zone
2027-05-07,78.5,🟡 HIGH,Indo-Burmese Arc
2027-05-07,78.5,🟡 HIGH,Ninety East Ridge
2027-06-19,76.6,🟡 HIGH,Chile-Peru Trench
2027-06-19,76.6,🟡 HIGH,Cascadia Subduction
2027-06-19,76.6,🟡 HIGH,Japan Trench
2027-06-19,76.6,🟡 HIGH,Aleutian Trench
2027-06-19,76.6,🟡 HIGH,Kuril-Kamchatka
2027-06-19,76.6,🟡 HIGH,Izu-Bonin-Mariana
2027-06-19,76.6,🟡 HIGH,Philippine Trench
2027-06-19,76.6,🟡 HIGH,Java-Sumatra Trench
2027-06-19,76.6,🟡 HIGH,Tonga-Kermadec
2027-06-19,76.6,🟡 HIGH,Himalayan Thrust
2027-06-19,76.6,🟡 HIGH,Mediterranean-Hellenic
2027-06-19,76.6,🟡 HIGH,Andaman-Nicobar Trench
2027-06-19,76.6,🟡 HIGH,Sumatra-Java Trench
2027-06-19,76.6,🟡 HIGH,Andaman-Nicobar Segment
2027-06-19,76.6,🟡 HIGH,Indo-Gangetic Plain / Himalayan Front
2027-06-19,76.6,🟡 HIGH,Kachchh-Gujarat Rift
2027-06-19,76.6,🟡 HIGH,Makran Subduction Zone
2027-06-19,76.6,🟡 HIGH,Indo-Burmese Arc
2027-06-19,76.6,🟡 HIGH,Ninety East Ridge
2027-06-20,77.1,🟡 HIGH,Chile-Peru Trench
2027-06-20,77.1,🟡 HIGH,Cascadia Subduction
2027-06-20,77.1,🟡 HIGH,Japan Trench
2027-06-20,77.1,🟡 HIGH,Aleutian Trench
2027-06-20,77.1,🟡 HIGH,Kuril-Kamchatka
2027-06-20,77.1,🟡 HIGH,Izu-Bonin-Mariana
2027-06-20,77.1,🟡 HIGH,Philippine Trench
2027-06-20,77.1,🟡 HIGH,Java-Sumatra Trench
2027-06-20,77.1,🟡 HIGH,Tonga-Kermadec
2027-06-20,77.1,🟡 HIGH,Himalayan Thrust
2027-06-20,77.1,🟡 HIGH,Mediterranean-Hellenic
2027-06-20,77.1,🟡 HIGH,Andaman-Nicobar Trench
2027-06-20,77.1,🟡 HIGH,Sumatra-Java Trench
2027-06-20,77.1,🟡 HIGH,Andaman-Nicobar Segment
2027-06-20,77.1,🟡 HIGH,Indo-Gangetic Plain / Himalayan Front
2027-06-20,77.1,🟡 HIGH,Kachchh-Gujarat Rift
2027-06-20,77.1,🟡 HIGH,Makran Subduction Zone
2027-06-20,77.1,🟡 HIGH,Indo-Burmese Arc
2027-06-20,77.1,🟡 HIGH,Ninety East Ridge
2027-06-21,76.8,🟡 HIGH,Chile-Peru Trench
2027-06-21,76.8,🟡 HIGH,Cascadia Subduction
2027-06-21,76.8,🟡 HIGH,Japan Trench
2027-06-21,76.8,🟡 HIGH,Aleutian Trench
2027-06-21,76.8,🟡 HIGH,Kuril-Kamchatka
2027-06-21,76.8,🟡 HIGH,Izu-Bonin-Mariana
2027-06-21,76.8,🟡 HIGH,Philippine Trench
2027-06-21,76.8,🟡 HIGH,Java-Sumatra Trench
2027-06-21,76.8,🟡 HIGH,Tonga-Kermadec
2027-06-21,76.8,🟡 HIGH,Himalayan Thrust
2027-06-21,76.8,🟡 HIGH,Mediterranean-Hellenic
2027-06-21,76.8,🟡 HIGH,Andaman-Nicobar Trench
2027-06-21,76.8,🟡 HIGH,Sumatra-Java Trench
2027-06-21,76.8,🟡 HIGH,Andaman-Nicobar Segment
2027-06-21,76.8,🟡 HIGH,Indo-Gangetic Plain / Himalayan Front
2027-06-21,76.8,🟡 HIGH,Kachchh-Gujarat Rift
2027-06-21,76.8,🟡 HIGH,Makran Subduction Zone
2027-06-21,76.8,🟡 HIGH,Indo-Burmese Arc
2027-06-21,76.8,🟡 HIGH,Ninety East Ridge
2027-08-24,79.2,🟡 HIGH,Chile-Peru Trench
2027-08-24,79.2,🟡 HIGH,Cascadia Subduction
2027-08-24,79.2,🟡 HIGH,Japan Trench
2027-08-24,79.2,🟡 HIGH,Aleutian Trench
2027-08-24,79.2,🟡 HIGH,Kuril-Kamchatka
2027-08-24,79.2,🟡 HIGH,Izu-Bonin-Mariana
2027-08-24,79.2,🟡 HIGH,Philippine Trench
2027-08-24,79.2,🟡 HIGH,Java-Sumatra Trench
2027-08-24,79.2,🟡 HIGH,Tonga-Kermadec
2027-08-24,79.2,🟡 HIGH,Himalayan Thrust
2027-08-24,79.2,🟡 HIGH,Mediterranean-Hellenic
2027-08-24,79.2,🟡 HIGH,Andaman-Nicobar Trench
2027-08-24,79.2,🟡 HIGH,Sumatra-Java Trench
2027-08-24,79.2,🟡 HIGH,Andaman-Nicobar Segment
2027-08-24,79.2,🟡 HIGH,Indo-Gangetic Plain / Himalayan Front
2027-08-24,79.2,🟡 HIGH,Kachchh-Gujarat Rift
2027-08-24,79.2,🟡 HIGH,Makran Subduction Zone
2027-08-24,79.2,🟡 HIGH,Indo-Burmese Arc
2027-08-24,79.2,🟡 HIGH,Ninety East Ridge
2027-10-17,77.3,🟡 HIGH,Chile-Peru Trench
2027-10-17,77.3,🟡 HIGH,Cascadia Subduction
2027-10-17,77.3,🟡 HIGH,Japan Trench
2027-10-17,77.3,🟡 HIGH,Aleutian Trench
2027-10-17,77.3,🟡 HIGH,Kuril-Kamchatka
2027-10-17,77.3,🟡 HIGH,Izu-Bonin-Mariana
2027-10-17,77.3,🟡 HIGH,Philippine Trench
2027-10-17,77.3,🟡 HIGH,Java-Sumatra Trench
2027-10-17,77.3,🟡 HIGH,Tonga-Kermadec
2027-10-17,77.3,🟡 HIGH,Himalayan Thrust
2027-10-17,77.3,🟡 HIGH,Mediterranean-Hellenic
2027-10-17,77.3,🟡 HIGH,Andaman-Nicobar Trench
2027-10-17,77.3,🟡 HIGH,Sumatra-Java Trench
2027-10-17,77.3,🟡 HIGH,Andaman-Nicobar Segment
2027-10-17,77.3,🟡 HIGH,Indo-Gangetic Plain / Himalayan Front
2027-10-17,77.3,🟡 HIGH,Kachchh-Gujarat Rift
2027-10-17,77.3,🟡 HIGH,Makran Subduction Zone
2027-10-17,77.3,🟡 HIGH,Indo-Burmese Arc
2027-10-17,77.3,🟡 HIGH,Ninety East Ridge
2027-10-18,76.0,🟡 HIGH,Chile-Peru Trench
2027-10-18,76.0,🟡 HIGH,Cascadia Subduction
2027-10-18,76.0,🟡 HIGH,Japan Trench
2027-10-18,76.0,🟡 HIGH,Aleutian Trench
2027-10-18,76.0,🟡 HIGH,Kuril-Kamchatka
2027-10-18,76.0,🟡 HIGH,Izu-Bonin-Mariana
2027-10-18,76.0,🟡 HIGH,Philippine Trench
2027-10-18,76.0,🟡 HIGH,Java-Sumatra Trench
2027-10-18,76.0,🟡 HIGH,Tonga-Kermadec
2027-10-18,76.0,🟡 HIGH,Himalayan Thrust
2027-10-18,76.0,🟡 HIGH,Mediterranean-Hellenic
2027-10-18,76.0,🟡 HIGH,Andaman-Nicobar Trench
2027-10-18,76.0,🟡 HIGH,Sumatra-Java Trench
2027-10-18,76.0,🟡 HIGH,Andaman-Nicobar Segment
2027-10-18,76.0,🟡 HIGH,Indo-Gangetic Plain / Himalayan Front
2027-10-18,76.0,🟡 HIGH,Kachchh-Gujarat Rift
2027-10-18,76.0,🟡 HIGH,Makran Subduction Zone
2027-10-18,76.0,🟡 HIGH,Indo-Burmese Arc
2027-10-18,76.0,🟡 HIGH,Ninety East Ridge
2027-11-15,90.4,🔴 EXTREME,Chile-Peru Trench
2027-11-15,90.4,🔴 EXTREME,Cascadia Subduction
2027-11-15,90.4,🔴 EXTREME,Japan Trench
2027-11-15,90.4,🔴 EXTREME,Aleutian Trench
2027-11-15,90.4,🔴 EXTREME,Kuril-Kamchatka
2027-11-15,90.4,🔴 EXTREME,Izu-Bonin-Mariana
2027-11-15,90.4,🔴 EXTREME,Philippine Trench
2027-11-15,90.4,🔴 EXTREME,Java-Sumatra Trench
2027-11-15,90.4,🔴 EXTREME,Tonga-Kermadec
2027-11-15,90.4,🔴 EXTREME,Himalayan Thrust
2027-11-15,90.4,🔴 EXTREME,Mediterranean-Hellenic
2027-11-15,90.4,🔴 EXTREME,Andaman-Nicobar Trench
2027-11-15,90.4,🔴 EXTREME,Sumatra-Java Trench
2027-11-15,90.4,🔴 EXTREME,Andaman-Nicobar Segment
2027-11-15,90.4,🔴 EXTREME,Indo-Gangetic Plain / Himalayan Front
2027-11-15,90.4,🔴 EXTREME,Kachchh-Gujarat Rift
2027-11-15,90.4,🔴 EXTREME,Makran Subduction Zone
2027-11-15,90.4,🔴 EXTREME,Indo-Burmese Arc
2027-11-15,90.4,🔴 EXTREME,Ninety East Ridge
2027-11-16,86.1,🔴 EXTREME,Chile-Peru Trench
2027-11-16,86.1,🔴 EXTREME,Cascadia Subduction
2027-11-16,86.1,🔴 EXTREME,Japan Trench
2027-11-16,86.1,🔴 EXTREME,Aleutian Trench
2027-11-16,86.1,🔴 EXTREME,Kuril-Kamchatka
2027-11-16,86.1,🔴 EXTREME,Izu-Bonin-Mariana
2027-11-16,86.1,🔴 EXTREME,Philippine Trench
2027-11-16,86.1,🔴 EXTREME,Java-Sumatra Trench
2027-11-16,86.1,🔴 EXTREME,Tonga-Kermadec
2027-11-16,86.1,🔴 EXTREME,Himalayan Thrust
2027-11-16,86.1,🔴 EXTREME,Mediterranean-Hellenic
2027-11-16,86.1,🔴 EXTREME,Andaman-Nicobar Trench
2027-11-16,86.1,🔴 EXTREME,Sumatra-Java Trench
2027-11-16,86.1,🔴 EXTREME,Andaman-Nicobar Segment
2027-11-16,86.1,🔴 EXTREME,Indo-Gangetic Plain / Himalayan Front
2027-11-16,86.1,🔴 EXTREME,Kachchh-Gujarat Rift
2027-11-16,86.1,🔴 EXTREME,Makran Subduction Zone
2027-11-16,86.1,🔴 EXTREME,Indo-Burmese Arc
2027-11-16,86.1,🔴 EXTREME,Ninety East Ridge
2027-11-17,79.2,🟡 HIGH,Chile-Peru Trench
2027-11-17,79.2,🟡 HIGH,Cascadia Subduction
2027-11-17,79.2,🟡 HIGH,Japan Trench
2027-11-17,79.2,🟡 HIGH,Aleutian Trench
2027-11-17,79.2,🟡 HIGH,Kuril-Kamchatka
2027-11-17,79.2,🟡 HIGH,Izu-Bonin-Mariana
2027-11-17,79.2,🟡 HIGH,Philippine Trench
2027-11-17,79.2,🟡 HIGH,Java-Sumatra Trench
2027-11-17,79.2,🟡 HIGH,Tonga-Kermadec
2027-11-17,79.2,🟡 HIGH,Himalayan Thrust
2027-11-17,79.2,🟡 HIGH,Mediterranean-Hellenic
2027-11-17,79.2,🟡 HIGH,Andaman-Nicobar Trench
2027-11-17,79.2,🟡 HIGH,Sumatra-Java Trench
2027-11-17,79.2,🟡 HIGH,Andaman-Nicobar Segment
2027-11-17,79.2,🟡 HIGH,Indo-Gangetic Plain / Himalayan Front
2027-11-17,79.2,🟡 HIGH,Kachchh-Gujarat Rift
2027-11-17,79.2,🟡 HIGH,Makran Subduction Zone
2027-11-17,79.2,🟡 HIGH,Indo-Burmese Arc
2027-11-17,79.2,🟡 HIGH,Ninety East Ridge
2027-11-18,80.9,🟡 HIGH,Chile-Peru Trench
2027-11-18,80.9,🟡 HIGH,Cascadia Subduction
2027-11-18,80.9,🟡 HIGH,Japan Trench
2027-11-18,80.9,🟡 HIGH,Aleutian Trench
2027-11-18,80.9,🟡 HIGH,Kuril-Kamchatka
2027-11-18,80.9,🟡 HIGH,Izu-Bonin-Mariana
2027-11-18,80.9,🟡 HIGH,Philippine Trench
2027-11-18,80.9,🟡 HIGH,Java-Sumatra Trench
2027-11-18,80.9,🟡 HIGH,Tonga-Kermadec
2027-11-18,80.9,🟡 HIGH,Himalayan Thrust
2027-11-18,80.9,🟡 HIGH,Mediterranean-Hellenic
2027-11-18,80.9,🟡 HIGH,Andaman-Nicobar Trench
2027-11-18,80.9,🟡 HIGH,Sumatra-Java Trench
2027-11-18,80.9,🟡 HIGH,Andaman-Nicobar Segment
2027-11-18,80.9,🟡 HIGH,Indo-Gangetic Plain / Himalayan Front
2027-11-18,80.9,🟡 HIGH,Kachchh-Gujarat Rift
2027-11-18,80.9,🟡 HIGH,Makran Subduction Zone
2027-11-18,80.9,🟡 HIGH,Indo-Burmese Arc
2027-11-18,80.9,🟡 HIGH,Ninety East Ridge
2027-11-19,78.4,🟡 HIGH,Chile-Peru Trench
2027-11-19,78.4,🟡 HIGH,Cascadia Subduction
2027-11-19,78.4,🟡 HIGH,Japan Trench
2027-11-19,78.4,🟡 HIGH,Aleutian Trench
2027-11-19,78.4,🟡 HIGH,Kuril-Kamchatka
2027-11-19,78.4,🟡 HIGH,Izu-Bonin-Mariana
2027-11-19,78.4,🟡 HIGH,Philippine Trench
2027-11-19,78.4,🟡 HIGH,Java-Sumatra Trench
2027-11-19,78.4,🟡 HIGH,Tonga-Kermadec
2027-11-19,78.4,🟡 HIGH,Himalayan Thrust
2027-11-19,78.4,🟡 HIGH,Mediterranean-Hellenic
2027-11-19,78.4,🟡 HIGH,Andaman-Nicobar Trench
2027-11-19,78.4,🟡 HIGH,Sumatra-Java Trench
2027-11-19,78.4,🟡 HIGH,Andaman-Nicobar Segment
2027-11-19,78.4,🟡 HIGH,Indo-Gangetic Plain / Himalayan Front
2027-11-19,78.4,🟡 HIGH,Kachchh-Gujarat Rift
2027-11-19,78.4,🟡 HIGH,Makran Subduction Zone
2027-11-19,78.4,🟡 HIGH,Indo-Burmese Arc
2027-11-19,78.4,🟡 HIGH,Ninety East Ridge
2027-11-21,75.2,🟡 HIGH,Chile-Peru Trench
2027-11-21,75.2,🟡 HIGH,Cascadia Subduction
2027-11-21,75.2,🟡 HIGH,Japan Trench
2027-11-21,75.2,🟡 HIGH,Aleutian Trench
2027-11-21,75.2,🟡 HIGH,Kuril-Kamchatka
2027-11-21,75.2,🟡 HIGH,Izu-Bonin-Mariana
2027-11-21,75.2,🟡 HIGH,Philippine Trench
2027-11-21,75.2,🟡 HIGH,Java-Sumatra Trench
2027-11-21,75.2,🟡 HIGH,Tonga-Kermadec
2027-11-21,75.2,🟡 HIGH,Himalayan Thrust
2027-11-21,75.2,🟡 HIGH,Mediterranean-Hellenic
2027-11-21,75.2,🟡 HIGH,Andaman-Nicobar Trench
2027-11-21,75.2,🟡 HIGH,Sumatra-Java Trench
2027-11-21,75.2,🟡 HIGH,Andaman-Nicobar Segment
2027-11-21,75.2,🟡 HIGH,Indo-Gangetic Plain / Himalayan Front
2027-11-21,75.2,🟡 HIGH,Kachchh-Gujarat Rift
2027-11-21,75.2,🟡 HIGH,Makran Subduction Zone
2027-11-21,75.2,🟡 HIGH,Indo-Burmese Arc
2027-11-21,75.2,🟡 HIGH,Ninety East Ridge
2028-02-14,75.9,🟡 HIGH,Chile-Peru Trench
2028-02-14,75.9,🟡 HIGH,Cascadia Subduction
2028-02-14,75.9,🟡 HIGH,Japan Trench
2028-02-14,75.9,🟡 HIGH,Aleutian Trench
2028-02-14,75.9,🟡 HIGH,Kuril-Kamchatka
2028-02-14,75.9,🟡 HIGH,Izu-Bonin-Mariana
2028-02-14,75.9,🟡 HIGH,Philippine Trench
2028-02-14,75.9,🟡 HIGH,Java-Sumatra Trench
2028-02-14,75.9,🟡 HIGH,Tonga-Kermadec
2028-02-14,75.9,🟡 HIGH,Himalayan Thrust
2028-02-14,75.9,🟡 HIGH,Mediterranean-Hellenic
2028-02-14,75.9,🟡 HIGH,Andaman-Nicobar Trench
2028-02-14,75.9,🟡 HIGH,Sumatra-Java Trench
2028-02-14,75.9,🟡 HIGH,Andaman-Nicobar Segment
2028-02-14,75.9,🟡 HIGH,Indo-Gangetic Plain / Himalayan Front
2028-02-14,75.9,🟡 HIGH,Kachchh-Gujarat Rift
2028-02-14,75.9,🟡 HIGH,Makran Subduction Zone
2028-02-14,75.9,🟡 HIGH,Indo-Burmese Arc
2028-02-14,75.9,🟡 HIGH,Ninety East Ridge
2028-02-15,77.8,🟡 HIGH,Chile-Peru Trench
2028-02-15,77.8,🟡 HIGH,Cascadia Subduction
2028-02-15,77.8,🟡 HIGH,Japan Trench
2028-02-15,77.8,🟡 HIGH,Aleutian Trench
2028-02-15,77.8,🟡 HIGH,Kuril-Kamchatka
2028-02-15,77.8,🟡 HIGH,Izu-Bonin-Mariana
2028-02-15,77.8,🟡 HIGH,Philippine Trench
2028-02-15,77.8,🟡 HIGH,Java-Sumatra Trench
2028-02-15,77.8,🟡 HIGH,Tonga-Kermadec
2028-02-15,77.8,🟡 HIGH,Himalayan Thrust
2028-02-15,77.8,🟡 HIGH,Mediterranean-Hellenic
2028-02-15,77.8,🟡 HIGH,Andaman-Nicobar Trench
2028-02-15,77.8,🟡 HIGH,Sumatra-Java Trench
2028-02-15,77.8,🟡 HIGH,Andaman-Nicobar Segment
2028-02-15,77.8,🟡 HIGH,Indo-Gangetic Plain / Himalayan Front
2028-02-15,77.8,🟡 HIGH,Kachchh-Gujarat Rift
2028-02-15,77.8,🟡 HIGH,Makran Subduction Zone
2028-02-15,77.8,🟡 HIGH,Indo-Burmese Arc
2028-02-15,77.8,🟡 HIGH,Ninety East Ridge
2028-02-17,76.8,🟡 HIGH,Chile-Peru Trench
2028-02-17,76.8,🟡 HIGH,Cascadia Subduction
2028-02-17,76.8,🟡 HIGH,Japan Trench
2028-02-17,76.8,🟡 HIGH,Aleutian Trench
2028-02-17,76.8,🟡 HIGH,Kuril-Kamchatka
2028-02-17,76.8,🟡 HIGH,Izu-Bonin-Mariana
2028-02-17,76.8,🟡 HIGH,Philippine Trench
2028-02-17,76.8,🟡 HIGH,Java-Sumatra Trench
2028-02-17,76.8,🟡 HIGH,Tonga-Kermadec
2028-02-17,76.8,🟡 HIGH,Himalayan Thrust
2028-02-17,76.8,🟡 HIGH,Mediterranean-Hellenic
2028-02-17,76.8,🟡 HIGH,Andaman-Nicobar Trench
2028-02-17,76.8,🟡 HIGH,Sumatra-Java Trench
2028-02-17,76.8,🟡 HIGH,Andaman-Nicobar Segment
2028-02-17,76.8,🟡 HIGH,Indo-Gangetic Plain / Himalayan Front
2028-02-17,76.8,🟡 HIGH,Kachchh-Gujarat Rift
2028-02-17,76.8,🟡 HIGH,Makran Subduction Zone
2028-02-17,76.8,🟡 HIGH,Indo-Burmese Arc
2028-02-17,76.8,🟡 HIGH,Ninety East Ridge
2028-03-30,79.6,🟡 HIGH,Chile-Peru Trench
2028-03-30,79.6,🟡 HIGH,Cascadia Subduction
2028-03-30,79.6,🟡 HIGH,Japan Trench
2028-03-30,79.6,🟡 HIGH,Aleutian Trench
2028-03-30,79.6,🟡 HIGH,Kuril-Kamchatka
2028-03-30,79.6,🟡 HIGH,Izu-Bonin-Mariana
2028-03-30,79.6,🟡 HIGH,Philippine Trench
2028-03-30,79.6,🟡 HIGH,Java-Sumatra Trench
2028-03-30,79.6,🟡 HIGH,Tonga-Kermadec
2028-03-30,79.6,🟡 HIGH,Himalayan Thrust
2028-03-30,79.6,🟡 HIGH,Mediterranean-Hellenic
2028-03-30,79.6,🟡 HIGH,Andaman-Nicobar Trench
2028-03-30,79.6,🟡 HIGH,Sumatra-Java Trench
2028-03-30,79.6,🟡 HIGH,Andaman-Nicobar Segment
2028-03-30,79.6,🟡 HIGH,Indo-Gangetic Plain / Himalayan Front
2028-03-30,79.6,🟡 HIGH,Kachchh-Gujarat Rift
2028-03-30,79.6,🟡 HIGH,Makran Subduction Zone
2028-03-30,79.6,🟡 HIGH,Indo-Burmese Arc
2028-03-30,79.6,🟡 HIGH,Ninety East Ridge
2028-03-31,76.1,🟡 HIGH,Chile-Peru Trench
2028-03-31,76.1,🟡 HIGH,Cascadia Subduction
2028-03-31,76.1,🟡 HIGH,Japan Trench
2028-03-31,76.1,🟡 HIGH,Aleutian Trench
2028-03-31,76.1,🟡 HIGH,Kuril-Kamchatka
2028-03-31,76.1,🟡 HIGH,Izu-Bonin-Mariana
2028-03-31,76.1,🟡 HIGH,Philippine Trench
2028-03-31,76.1,🟡 HIGH,Java-Sumatra Trench
2028-03-31,76.1,🟡 HIGH,Tonga-Kermadec
2028-03-31,76.1,🟡 HIGH,Himalayan Thrust
2028-03-31,76.1,🟡 HIGH,Mediterranean-Hellenic
2028-03-31,76.1,🟡 HIGH,Andaman-Nicobar Trench
2028-03-31,76.1,🟡 HIGH,Sumatra-Java Trench
2028-03-31,76.1,🟡 HIGH,Andaman-Nicobar Segment
2028-03-31,76.1,🟡 HIGH,Indo-Gangetic Plain / Himalayan Front
2028-03-31,76.1,🟡 HIGH,Kachchh-Gujarat Rift
2028-03-31,76.1,🟡 HIGH,Makran Subduction Zone
2028-03-31,76.1,🟡 HIGH,Indo-Burmese Arc
2028-03-31,76.1,🟡 HIGH,Ninety East Ridge
2028-04-01,75.5,🟡 HIGH,Chile-Peru Trench
2028-04-01,75.5,🟡 HIGH,Cascadia Subduction
2028-04-01,75.5,🟡 HIGH,Japan Trench
2028-04-01,75.5,🟡 HIGH,Aleutian Trench
2028-04-01,75.5,🟡 HIGH,Kuril-Kamchatka
2028-04-01,75.5,🟡 HIGH,Izu-Bonin-Mariana
2028-04-01,75.5,🟡 HIGH,Philippine Trench
2028-04-01,75.5,🟡 HIGH,Java-Sumatra Trench
2028-04-01,75.5,🟡 HIGH,Tonga-Kermadec
2028-04-01,75.5,🟡 HIGH,Himalayan Thrust
2028-04-01,75.5,🟡 HIGH,Mediterranean-Hellenic
2028-04-01,75.5,🟡 HIGH,Andaman-Nicobar Trench
2028-04-01,75.5,🟡 HIGH,Sumatra-Java Trench
2028-04-01,75.5,🟡 HIGH,Andaman-Nicobar Segment
2028-04-01,75.5,🟡 HIGH,Indo-Gangetic Plain / Himalayan Front
2028-04-01,75.5,🟡 HIGH,Kachchh-Gujarat Rift
2028-04-01,75.5,🟡 HIGH,Makran Subduction Zone
2028-04-01,75.5,🟡 HIGH,Indo-Burmese Arc
2028-04-01,75.5,🟡 HIGH,Ninety East Ridge
2028-05-25,81.2,🟡 HIGH,Chile-Peru Trench
2028-05-25,81.2,🟡 HIGH,Cascadia Subduction
2028-05-25,81.2,🟡 HIGH,Japan Trench
2028-05-25,81.2,🟡 HIGH,Aleutian Trench
2028-05-25,81.2,🟡 HIGH,Kuril-Kamchatka
2028-05-25,81.2,🟡 HIGH,Izu-Bonin-Mariana
2028-05-25,81.2,🟡 HIGH,Philippine Trench
2028-05-25,81.2,🟡 HIGH,Java-Sumatra Trench
2028-05-25,81.2,🟡 HIGH,Tonga-Kermadec
2028-05-25,81.2,🟡 HIGH,Himalayan Thrust
2028-05-25,81.2,🟡 HIGH,Mediterranean-Hellenic
2028-05-25,81.2,🟡 HIGH,Andaman-Nicobar Trench
2028-05-25,81.2,🟡 HIGH,Sumatra-Java Trench
2028-05-25,81.2,🟡 HIGH,Andaman-Nicobar Segment
2028-05-25,81.2,🟡 HIGH,Indo-Gangetic Plain / Himalayan Front
2028-05-25,81.2,🟡 HIGH,Kachchh-Gujarat Rift
2028-05-25,81.2,🟡 HIGH,Makran Subduction Zone
2028-05-25,81.2,🟡 HIGH,Indo-Burmese Arc
2028-05-25,81.2,🟡 HIGH,Ninety East Ridge
2028-05-26,80.4,🟡 HIGH,Chile-Peru Trench
2028-05-26,80.4,🟡 HIGH,Cascadia Subduction
2028-05-26,80.4,🟡 HIGH,Japan Trench
2028-05-26,80.4,🟡 HIGH,Aleutian Trench
2028-05-26,80.4,🟡 HIGH,Kuril-Kamchatka
2028-05-26,80.4,🟡 HIGH,Izu-Bonin-Mariana
2028-05-26,80.4,🟡 HIGH,Philippine Trench
2028-05-26,80.4,🟡 HIGH,Java-Sumatra Trench
2028-05-26,80.4,🟡 HIGH,Tonga-Kermadec
2028-05-26,80.4,🟡 HIGH,Himalayan Thrust
2028-05-26,80.4,🟡 HIGH,Mediterranean-Hellenic
2028-05-26,80.4,🟡 HIGH,Andaman-Nicobar Trench
2028-05-26,80.4,🟡 HIGH,Sumatra-Java Trench
2028-05-26,80.4,🟡 HIGH,Andaman-Nicobar Segment
2028-05-26,80.4,🟡 HIGH,Indo-Gangetic Plain / Himalayan Front
2028-05-26,80.4,🟡 HIGH,Kachchh-Gujarat Rift
2028-05-26,80.4,🟡 HIGH,Makran Subduction Zone
2028-05-26,80.4,🟡 HIGH,Indo-Burmese Arc
2028-05-26,80.4,🟡 HIGH,Ninety East Ridge
2028-05-27,81.2,🟡 HIGH,Chile-Peru Trench
2028-05-27,81.2,🟡 HIGH,Cascadia Subduction
2028-05-27,81.2,🟡 HIGH,Japan Trench
2028-05-27,81.2,🟡 HIGH,Aleutian Trench
2028-05-27,81.2,🟡 HIGH,Kuril-Kamchatka
2028-05-27,81.2,🟡 HIGH,Izu-Bonin-Mariana
2028-05-27,81.2,🟡 HIGH,Philippine Trench
2028-05-27,81.2,🟡 HIGH,Java-Sumatra Trench
2028-05-27,81.2,🟡 HIGH,Tonga-Kermadec
2028-05-27,81.2,🟡 HIGH,Himalayan Thrust
2028-05-27,81.2,🟡 HIGH,Mediterranean-Hellenic
2028-05-27,81.2,🟡 HIGH,Andaman-Nicobar Trench
2028-05-27,81.2,🟡 HIGH,Sumatra-Java Trench
2028-05-27,81.2,🟡 HIGH,Andaman-Nicobar Segment
2028-05-27,81.2,🟡 HIGH,Indo-Gangetic Plain / Himalayan Front
2028-05-27,81.2,🟡 HIGH,Kachchh-Gujarat Rift
2028-05-27,81.2,🟡 HIGH,Makran Subduction Zone
2028-05-27,81.2,🟡 HIGH,Indo-Burmese Arc
2028-05-27,81.2,🟡 HIGH,Ninety East Ridge
2028-05-28,76.6,🟡 HIGH,Chile-Peru Trench
2028-05-28,76.6,🟡 HIGH,Cascadia Subduction
2028-05-28,76.6,🟡 HIGH,Japan Trench
2028-05-28,76.6,🟡 HIGH,Aleutian Trench
2028-05-28,76.6,🟡 HIGH,Kuril-Kamchatka
2028-05-28,76.6,🟡 HIGH,Izu-Bonin-Mariana
2028-05-28,76.6,🟡 HIGH,Philippine Trench
2028-05-28,76.6,🟡 HIGH,Java-Sumatra Trench
2028-05-28,76.6,🟡 HIGH,Tonga-Kermadec
2028-05-28,76.6,🟡 HIGH,Himalayan Thrust
2028-05-28,76.6,🟡 HIGH,Mediterranean-Hellenic
2028-05-28,76.6,🟡 HIGH,Andaman-Nicobar Trench
2028-05-28,76.6,🟡 HIGH,Sumatra-Java Trench
2028-05-28,76.6,🟡 HIGH,Andaman-Nicobar Segment
2028-05-28,76.6,🟡 HIGH,Indo-Gangetic Plain / Himalayan Front
2028-05-28,76.6,🟡 HIGH,Kachchh-Gujarat Rift
2028-05-28,76.6,🟡 HIGH,Makran Subduction Zone
2028-05-28,76.6,🟡 HIGH,Indo-Burmese Arc
2028-05-28,76.6,🟡 HIGH,Ninety East Ridge
2028-05-29,77.5,🟡 HIGH,Chile-Peru Trench
2028-05-29,77.5,🟡 HIGH,Cascadia Subduction
2028-05-29,77.5,🟡 HIGH,Japan Trench
2028-05-29,77.5,🟡 HIGH,Aleutian Trench
2028-05-29,77.5,🟡 HIGH,Kuril-Kamchatka
2028-05-29,77.5,🟡 HIGH,Izu-Bonin-Mariana
2028-05-29,77.5,🟡 HIGH,Philippine Trench
2028-05-29,77.5,🟡 HIGH,Java-Sumatra Trench
2028-05-29,77.5,🟡 HIGH,Tonga-Kermadec
2028-05-29,77.5,🟡 HIGH,Himalayan Thrust
2028-05-29,77.5,🟡 HIGH,Mediterranean-Hellenic
2028-05-29,77.5,🟡 HIGH,Andaman-Nicobar Trench
2028-05-29,77.5,🟡 HIGH,Sumatra-Java Trench
2028-05-29,77.5,🟡 HIGH,Andaman-Nicobar Segment
2028-05-29,77.5,🟡 HIGH,Indo-Gangetic Plain / Himalayan Front
2028-05-29,77.5,🟡 HIGH,Kachchh-Gujarat Rift
2028-05-29,77.5,🟡 HIGH,Makran Subduction Zone
2028-05-29,77.5,🟡 HIGH,Indo-Burmese Arc
2028-05-29,77.5,🟡 HIGH,Ninety East Ridge
2028-05-30,75.3,🟡 HIGH,Chile-Peru Trench
2028-05-30,75.3,🟡 HIGH,Cascadia Subduction
2028-05-30,75.3,🟡 HIGH,Japan Trench
2028-05-30,75.3,🟡 HIGH,Aleutian Trench
2028-05-30,75.3,🟡 HIGH,Kuril-Kamchatka
2028-05-30,75.3,🟡 HIGH,Izu-Bonin-Mariana
2028-05-30,75.3,🟡 HIGH,Philippine Trench
2028-05-30,75.3,🟡 HIGH,Java-Sumatra Trench
2028-05-30,75.3,🟡 HIGH,Tonga-Kermadec
2028-05-30,75.3,🟡 HIGH,Himalayan Thrust
2028-05-30,75.3,🟡 HIGH,Mediterranean-Hellenic
2028-05-30,75.3,🟡 HIGH,Andaman-Nicobar Trench
2028-05-30,75.3,🟡 HIGH,Sumatra-Java Trench
2028-05-30,75.3,🟡 HIGH,Andaman-Nicobar Segment
2028-05-30,75.3,🟡 HIGH,Indo-Gangetic Plain / Himalayan Front
2028-05-30,75.3,🟡 HIGH,Kachchh-Gujarat Rift
2028-05-30,75.3,🟡 HIGH,Makran Subduction Zone
2028-05-30,75.3,🟡 HIGH,Indo-Burmese Arc
2028-05-30,75.3,🟡 HIGH,Ninety East Ridge
2028-05-31,77.6,🟡 HIGH,Chile-Peru Trench
2028-05-31,77.6,🟡 HIGH,Cascadia Subduction
2028-05-31,77.6,🟡 HIGH,Japan Trench
2028-05-31,77.6,🟡 HIGH,Aleutian Trench
2028-05-31,77.6,🟡 HIGH,Kuril-Kamchatka
2028-05-31,77.6,🟡 HIGH,Izu-Bonin-Mariana
2028-05-31,77.6,🟡 HIGH,Philippine Trench
2028-05-31,77.6,🟡 HIGH,Java-Sumatra Trench
2028-05-31,77.6,🟡 HIGH,Tonga-Kermadec
2028-05-31,77.6,🟡 HIGH,Himalayan Thrust
2028-05-31,77.6,🟡 HIGH,Mediterranean-Hellenic
2028-05-31,77.6,🟡 HIGH,Andaman-Nicobar Trench
2028-05-31,77.6,🟡 HIGH,Sumatra-Java Trench
2028-05-31,77.6,🟡 HIGH,Andaman-Nicobar Segment
2028-05-31,77.6,🟡 HIGH,Indo-Gangetic Plain / Himalayan Front
2028-05-31,77.6,🟡 HIGH,Kachchh-Gujarat Rift
2028-05-31,77.6,🟡 HIGH,Makran Subduction Zone
2028-05-31,77.6,🟡 HIGH,Indo-Burmese Arc
2028-05-31,77.6,🟡 HIGH,Ninety East Ridge
2028-07-13,75.5,🟡 HIGH,Chile-Peru Trench
2028-07-13,75.5,🟡 HIGH,Cascadia Subduction
2028-07-13,75.5,🟡 HIGH,Japan Trench
2028-07-13,75.5,🟡 HIGH,Aleutian Trench
2028-07-13,75.5,🟡 HIGH,Kuril-Kamchatka
2028-07-13,75.5,🟡 HIGH,Izu-Bonin-Mariana
2028-07-13,75.5,🟡 HIGH,Philippine Trench
2028-07-13,75.5,🟡 HIGH,Java-Sumatra Trench
2028-07-13,75.5,🟡 HIGH,Tonga-Kermadec
2028-07-13,75.5,🟡 HIGH,Himalayan Thrust
2028-07-13,75.5,🟡 HIGH,Mediterranean-Hellenic
2028-07-13,75.5,🟡 HIGH,Andaman-Nicobar Trench
2028-07-13,75.5,🟡 HIGH,Sumatra-Java Trench
2028-07-13,75.5,🟡 HIGH,Andaman-Nicobar Segment
2028-07-13,75.5,🟡 HIGH,Indo-Gangetic Plain / Himalayan Front
2028-07-13,75.5,🟡 HIGH,Kachchh-Gujarat Rift
2028-07-13,75.5,🟡 HIGH,Makran Subduction Zone
2028-07-13,75.5,🟡 HIGH,Indo-Burmese Arc
2028-07-13,75.5,🟡 HIGH,Ninety East Ridge
2028-12-02,86.2,🔴 EXTREME,Chile-Peru Trench
2028-12-02,86.2,🔴 EXTREME,Cascadia Subduction
2028-12-02,86.2,🔴 EXTREME,Japan Trench
2028-12-02,86.2,🔴 EXTREME,Aleutian Trench
2028-12-02,86.2,🔴 EXTREME,Kuril-Kamchatka
2028-12-02,86.2,🔴 EXTREME,Izu-Bonin-Mariana
2028-12-02,86.2,🔴 EXTREME,Philippine Trench
2028-12-02,86.2,🔴 EXTREME,Java-Sumatra Trench
2028-12-02,86.2,🔴 EXTREME,Tonga-Kermadec
2028-12-02,86.2,🔴 EXTREME,Himalayan Thrust
2028-12-02,86.2,🔴 EXTREME,Mediterranean-Hellenic
2028-12-02,86.2,🔴 EXTREME,Andaman-Nicobar Trench
2028-12-02,86.2,🔴 EXTREME,Sumatra-Java Trench
2028-12-02,86.2,🔴 EXTREME,Andaman-Nicobar Segment
2028-12-02,86.2,🔴 EXTREME,Indo-Gangetic Plain / Himalayan Front
2028-12-02,86.2,🔴 EXTREME,Kachchh-Gujarat Rift
2028-12-02,86.2,🔴 EXTREME,Makran Subduction Zone
2028-12-02,86.2,🔴 EXTREME,Indo-Burmese Arc
2028-12-02,86.2,🔴 EXTREME,Ninety East Ridge
2028-12-03,88.5,🔴 EXTREME,Chile-Peru Trench
2028-12-03,88.5,🔴 EXTREME,Cascadia Subduction
2028-12-03,88.5,🔴 EXTREME,Japan Trench
2028-12-03,88.5,🔴 EXTREME,Aleutian Trench
2028-12-03,88.5,🔴 EXTREME,Kuril-Kamchatka
2028-12-03,88.5,🔴 EXTREME,Izu-Bonin-Mariana
2028-12-03,88.5,🔴 EXTREME,Philippine Trench
2028-12-03,88.5,🔴 EXTREME,Java-Sumatra Trench
2028-12-03,88.5,🔴 EXTREME,Tonga-Kermadec
2028-12-03,88.5,🔴 EXTREME,Himalayan Thrust
2028-12-03,88.5,🔴 EXTREME,Mediterranean-Hellenic
2028-12-03,88.5,🔴 EXTREME,Andaman-Nicobar Trench
2028-12-03,88.5,🔴 EXTREME,Sumatra-Java Trench
2028-12-03,88.5,🔴 EXTREME,Andaman-Nicobar Segment
2028-12-03,88.5,🔴 EXTREME,Indo-Gangetic Plain / Himalayan Front
2028-12-03,88.5,🔴 EXTREME,Kachchh-Gujarat Rift
2028-12-03,88.5,🔴 EXTREME,Makran Subduction Zone
2028-12-03,88.5,🔴 EXTREME,Indo-Burmese Arc
2028-12-03,88.5,🔴 EXTREME,Ninety East Ridge
2028-12-04,88.4,🔴 EXTREME,Chile-Peru Trench
2028-12-04,88.4,🔴 EXTREME,Cascadia Subduction
2028-12-04,88.4,🔴 EXTREME,Japan Trench
2028-12-04,88.4,🔴 EXTREME,Aleutian Trench
2028-12-04,88.4,🔴 EXTREME,Kuril-Kamchatka
2028-12-04,88.4,🔴 EXTREME,Izu-Bonin-Mariana
2028-12-04,88.4,🔴 EXTREME,Philippine Trench
2028-12-04,88.4,🔴 EXTREME,Java-Sumatra Trench
2028-12-04,88.4,🔴 EXTREME,Tonga-Kermadec
2028-12-04,88.4,🔴 EXTREME,Himalayan Thrust
2028-12-04,88.4,🔴 EXTREME,Mediterranean-Hellenic
2028-12-04,88.4,🔴 EXTREME,Andaman-Nicobar Trench
2028-12-04,88.4,🔴 EXTREME,Sumatra-Java Trench
2028-12-04,88.4,🔴 EXTREME,Andaman-Nicobar Segment
2028-12-04,88.4,🔴 EXTREME,Indo-Gangetic Plain / Himalayan Front
2028-12-04,88.4,🔴 EXTREME,Kachchh-Gujarat Rift
2028-12-04,88.4,🔴 EXTREME,Makran Subduction Zone
2028-12-04,88.4,🔴 EXTREME,Indo-Burmese Arc
2028-12-04,88.4,🔴 EXTREME,Ninety East Ridge
2028-12-05,89.7,🔴 EXTREME,Chile-Peru Trench
2028-12-05,89.7,🔴 EXTREME,Cascadia Subduction
2028-12-05,89.7,🔴 EXTREME,Japan Trench
2028-12-05,89.7,🔴 EXTREME,Aleutian Trench
2028-12-05,89.7,🔴 EXTREME,Kuril-Kamchatka
2028-12-05,89.7,🔴 EXTREME,Izu-Bonin-Mariana
2028-12-05,89.7,🔴 EXTREME,Philippine Trench
2028-12-05,89.7,🔴 EXTREME,Java-Sumatra Trench
2028-12-05,89.7,🔴 EXTREME,Tonga-Kermadec
2028-12-05,89.7,🔴 EXTREME,Himalayan Thrust
2028-12-05,89.7,🔴 EXTREME,Mediterranean-Hellenic
2028-12-05,89.7,🔴 EXTREME,Andaman-Nicobar Trench
2028-12-05,89.7,🔴 EXTREME,Sumatra-Java Trench
2028-12-05,89.7,🔴 EXTREME,Andaman-Nicobar Segment
2028-12-05,89.7,🔴 EXTREME,Indo-Gangetic Plain / Himalayan Front
2028-12-05,89.7,🔴 EXTREME,Kachchh-Gujarat Rift
2028-12-05,89.7,🔴 EXTREME,Makran Subduction Zone
2028-12-05,89.7,🔴 EXTREME,Indo-Burmese Arc
2028-12-05,89.7,🔴 EXTREME,Ninety East Ridge
2028-12-06,87.8,🔴 EXTREME,Chile-Peru Trench
2028-12-06,87.8,🔴 EXTREME,Cascadia Subduction
2028-12-06,87.8,🔴 EXTREME,Japan Trench
2028-12-06,87.8,🔴 EXTREME,Aleutian Trench
2028-12-06,87.8,🔴 EXTREME,Kuril-Kamchatka
2028-12-06,87.8,🔴 EXTREME,Izu-Bonin-Mariana
2028-12-06,87.8,🔴 EXTREME,Philippine Trench
2028-12-06,87.8,🔴 EXTREME,Java-Sumatra Trench
2028-12-06,87.8,🔴 EXTREME,Tonga-Kermadec
2028-12-06,87.8,🔴 EXTREME,Himalayan Thrust
2028-12-06,87.8,🔴 EXTREME,Mediterranean-Hellenic
2028-12-06,87.8,🔴 EXTREME,Andaman-Nicobar Trench
2028-12-06,87.8,🔴 EXTREME,Sumatra-Java Trench
2028-12-06,87.8,🔴 EXTREME,Andaman-Nicobar Segment
2028-12-06,87.8,🔴 EXTREME,Indo-Gangetic Plain / Himalayan Front
2028-12-06,87.8,🔴 EXTREME,Kachchh-Gujarat Rift
2028-12-06,87.8,🔴 EXTREME,Makran Subduction Zone
2028-12-06,87.8,🔴 EXTREME,Indo-Burmese Arc
2028-12-06,87.8,🔴 EXTREME,Ninety East Ridge
2028-12-07,85.8,🔴 EXTREME,Chile-Peru Trench
2028-12-07,85.8,🔴 EXTREME,Cascadia Subduction
2028-12-07,85.8,🔴 EXTREME,Japan Trench
2028-12-07,85.8,🔴 EXTREME,Aleutian Trench
2028-12-07,85.8,🔴 EXTREME,Kuril-Kamchatka
2028-12-07,85.8,🔴 EXTREME,Izu-Bonin-Mariana
2028-12-07,85.8,🔴 EXTREME,Philippine Trench
2028-12-07,85.8,🔴 EXTREME,Java-Sumatra Trench
2028-12-07,85.8,🔴 EXTREME,Tonga-Kermadec
2028-12-07,85.8,🔴 EXTREME,Himalayan Thrust
2028-12-07,85.8,🔴 EXTREME,Mediterranean-Hellenic
2028-12-07,85.8,🔴 EXTREME,Andaman-Nicobar Trench
2028-12-07,85.8,🔴 EXTREME,Sumatra-Java Trench
2028-12-07,85.8,🔴 EXTREME,Andaman-Nicobar Segment
2028-12-07,85.8,🔴 EXTREME,Indo-Gangetic Plain / Himalayan Front
2028-12-07,85.8,🔴 EXTREME,Kachchh-Gujarat Rift
2028-12-07,85.8,🔴 EXTREME,Makran Subduction Zone
2028-12-07,85.8,🔴 EXTREME,Indo-Burmese Arc
2028-12-07,85.8,🔴 EXTREME,Ninety East Ridge
2028-12-08,85.9,🔴 EXTREME,Chile-Peru Trench
2028-12-08,85.9,🔴 EXTREME,Cascadia Subduction
2028-12-08,85.9,🔴 EXTREME,Japan Trench
2028-12-08,85.9,🔴 EXTREME,Aleutian Trench
2028-12-08,85.9,🔴 EXTREME,Kuril-Kamchatka
2028-12-08,85.9,🔴 EXTREME,Izu-Bonin-Mariana
2028-12-08,85.9,🔴 EXTREME,Philippine Trench
2028-12-08,85.9,🔴 EXTREME,Java-Sumatra Trench
2028-12-08,85.9,🔴 EXTREME,Tonga-Kermadec
2028-12-08,85.9,🔴 EXTREME,Himalayan Thrust
2028-12-08,85.9,🔴 EXTREME,Mediterranean-Hellenic
2028-12-08,85.9,🔴 EXTREME,Andaman-Nicobar Trench
2028-12-08,85.9,🔴 EXTREME,Sumatra-Java Trench
2028-12-08,85.9,🔴 EXTREME,Andaman-Nicobar Segment
2028-12-08,85.9,🔴 EXTREME,Indo-Gangetic Plain / Himalayan Front
2028-12-08,85.9,🔴 EXTREME,Kachchh-Gujarat Rift
2028-12-08,85.9,🔴 EXTREME,Makran Subduction Zone
2028-12-08,85.9,🔴 EXTREME,Indo-Burmese Arc
2028-12-08,85.9,🔴 EXTREME,Ninety East Ridge
2029-02-16,75.6,🟡 HIGH,Chile-Peru Trench
2029-02-16,75.6,🟡 HIGH,Cascadia Subduction
2029-02-16,75.6,🟡 HIGH,Japan Trench
2029-02-16,75.6,🟡 HIGH,Aleutian Trench
2029-02-16,75.6,🟡 HIGH,Kuril-Kamchatka
2029-02-16,75.6,🟡 HIGH,Izu-Bonin-Mariana
2029-02-16,75.6,🟡 HIGH,Philippine Trench
2029-02-16,75.6,🟡 HIGH,Java-Sumatra Trench
2029-02-16,75.6,🟡 HIGH,Tonga-Kermadec
2029-02-16,75.6,🟡 HIGH,Himalayan Thrust
2029-02-16,75.6,🟡 HIGH,Mediterranean-Hellenic
2029-02-16,75.6,🟡 HIGH,Andaman-Nicobar Trench
2029-02-16,75.6,🟡 HIGH,Sumatra-Java Trench
2029-02-16,75.6,🟡 HIGH,Andaman-Nicobar Segment
2029-02-16,75.6,🟡 HIGH,Indo-Gangetic Plain / Himalayan Front
2029-02-16,75.6,🟡 HIGH,Kachchh-Gujarat Rift
2029-02-16,75.6,🟡 HIGH,Makran Subduction Zone
2029-02-16,75.6,🟡 HIGH,Indo-Burmese Arc
2029-02-16,75.6,🟡 HIGH,Ninety East Ridge
2029-02-17,77.8,🟡 HIGH,Chile-Peru Trench
2029-02-17,77.8,🟡 HIGH,Cascadia Subduction
2029-02-17,77.8,🟡 HIGH,Japan Trench
2029-02-17,77.8,🟡 HIGH,Aleutian Trench
2029-02-17,77.8,🟡 HIGH,Kuril-Kamchatka
2029-02-17,77.8,🟡 HIGH,Izu-Bonin-Mariana
2029-02-17,77.8,🟡 HIGH,Philippine Trench
2029-02-17,77.8,🟡 HIGH,Java-Sumatra Trench
2029-02-17,77.8,🟡 HIGH,Tonga-Kermadec
2029-02-17,77.8,🟡 HIGH,Himalayan Thrust
2029-02-17,77.8,🟡 HIGH,Mediterranean-Hellenic
2029-02-17,77.8,🟡 HIGH,Andaman-Nicobar Trench
2029-02-17,77.8,🟡 HIGH,Sumatra-Java Trench
2029-02-17,77.8,🟡 HIGH,Andaman-Nicobar Segment
2029-02-17,77.8,🟡 HIGH,Indo-Gangetic Plain / Himalayan Front
2029-02-17,77.8,🟡 HIGH,Kachchh-Gujarat Rift
2029-02-17,77.8,🟡 HIGH,Makran Subduction Zone
2029-02-17,77.8,🟡 HIGH,Indo-Burmese Arc
2029-02-17,77.8,🟡 HIGH,Ninety East Ridge
2029-04-02,78.6,🟡 HIGH,Chile-Peru Trench
2029-04-02,78.6,🟡 HIGH,Cascadia Subduction
2029-04-02,78.6,🟡 HIGH,Japan Trench
2029-04-02,78.6,🟡 HIGH,Aleutian Trench
2029-04-02,78.6,🟡 HIGH,Kuril-Kamchatka
2029-04-02,78.6,🟡 HIGH,Izu-Bonin-Mariana
2029-04-02,78.6,🟡 HIGH,Philippine Trench
2029-04-02,78.6,🟡 HIGH,Java-Sumatra Trench
2029-04-02,78.6,🟡 HIGH,Tonga-Kermadec
2029-04-02,78.6,🟡 HIGH,Himalayan Thrust
2029-04-02,78.6,🟡 HIGH,Mediterranean-Hellenic
2029-04-02,78.6,🟡 HIGH,Andaman-Nicobar Trench
2029-04-02,78.6,🟡 HIGH,Sumatra-Java Trench
2029-04-02,78.6,🟡 HIGH,Andaman-Nicobar Segment
2029-04-02,78.6,🟡 HIGH,Indo-Gangetic Plain / Himalayan Front
2029-04-02,78.6,🟡 HIGH,Kachchh-Gujarat Rift
2029-04-02,78.6,🟡 HIGH,Makran Subduction Zone
2029-04-02,78.6,🟡 HIGH,Indo-Burmese Arc
2029-04-02,78.6,🟡 HIGH,Ninety East Ridge
2029-04-03,77.6,🟡 HIGH,Chile-Peru Trench
2029-04-03,77.6,🟡 HIGH,Cascadia Subduction
2029-04-03,77.6,🟡 HIGH,Japan Trench
2029-04-03,77.6,🟡 HIGH,Aleutian Trench
2029-04-03,77.6,🟡 HIGH,Kuril-Kamchatka
2029-04-03,77.6,🟡 HIGH,Izu-Bonin-Mariana
2029-04-03,77.6,🟡 HIGH,Philippine Trench
2029-04-03,77.6,🟡 HIGH,Java-Sumatra Trench
2029-04-03,77.6,🟡 HIGH,Tonga-Kermadec
2029-04-03,77.6,🟡 HIGH,Himalayan Thrust
2029-04-03,77.6,🟡 HIGH,Mediterranean-Hellenic
2029-04-03,77.6,🟡 HIGH,Andaman-Nicobar Trench
2029-04-03,77.6,🟡 HIGH,Sumatra-Java Trench
2029-04-03,77.6,🟡 HIGH,Andaman-Nicobar Segment
2029-04-03,77.6,🟡 HIGH,Indo-Gangetic Plain / Himalayan Front
2029-04-03,77.6,🟡 HIGH,Kachchh-Gujarat Rift
2029-04-03,77.6,🟡 HIGH,Makran Subduction Zone
2029-04-03,77.6,🟡 HIGH,Indo-Burmese Arc
2029-04-03,77.6,🟡 HIGH,Ninety East Ridge
2029-04-04,78.0,🟡 HIGH,Chile-Peru Trench
2029-04-04,78.0,🟡 HIGH,Cascadia Subduction
2029-04-04,78.0,🟡 HIGH,Japan Trench
2029-04-04,78.0,🟡 HIGH,Aleutian Trench
2029-04-04,78.0,🟡 HIGH,Kuril-Kamchatka
2029-04-04,78.0,🟡 HIGH,Izu-Bonin-Mariana
2029-04-04,78.0,🟡 HIGH,Philippine Trench
2029-04-04,78.0,🟡 HIGH,Java-Sumatra Trench
2029-04-04,78.0,🟡 HIGH,Tonga-Kermadec
2029-04-04,78.0,🟡 HIGH,Himalayan Thrust
2029-04-04,78.0,🟡 HIGH,Mediterranean-Hellenic
2029-04-04,78.0,🟡 HIGH,Andaman-Nicobar Trench
2029-04-04,78.0,🟡 HIGH,Sumatra-Java Trench
2029-04-04,78.0,🟡 HIGH,Andaman-Nicobar Segment
2029-04-04,78.0,🟡 HIGH,Indo-Gangetic Plain / Himalayan Front
2029-04-04,78.0,🟡 HIGH,Kachchh-Gujarat Rift
2029-04-04,78.0,🟡 HIGH,Makran Subduction Zone
2029-04-04,78.0,🟡 HIGH,Indo-Burmese Arc
2029-04-04,78.0,🟡 HIGH,Ninety East Ridge
2029-04-05,77.8,🟡 HIGH,Chile-Peru Trench
2029-04-05,77.8,🟡 HIGH,Cascadia Subduction
2029-04-05,77.8,🟡 HIGH,Japan Trench
2029-04-05,77.8,🟡 HIGH,Aleutian Trench
2029-04-05,77.8,🟡 HIGH,Kuril-Kamchatka
2029-04-05,77.8,🟡 HIGH,Izu-Bonin-Mariana
2029-04-05,77.8,🟡 HIGH,Philippine Trench
2029-04-05,77.8,🟡 HIGH,Java-Sumatra Trench
2029-04-05,77.8,🟡 HIGH,Tonga-Kermadec
2029-04-05,77.8,🟡 HIGH,Himalayan Thrust
2029-04-05,77.8,🟡 HIGH,Mediterranean-Hellenic
2029-04-05,77.8,🟡 HIGH,Andaman-Nicobar Trench
2029-04-05,77.8,🟡 HIGH,Sumatra-Java Trench
2029-04-05,77.8,🟡 HIGH,Andaman-Nicobar Segment
2029-04-05,77.8,🟡 HIGH,Indo-Gangetic Plain / Himalayan Front
2029-04-05,77.8,🟡 HIGH,Kachchh-Gujarat Rift
2029-04-05,77.8,🟡 HIGH,Makran Subduction Zone
2029-04-05,77.8,🟡 HIGH,Indo-Burmese Arc
2029-04-05,77.8,🟡 HIGH,Ninety East Ridge
2029-05-16,84.7,🟡 HIGH,Chile-Peru Trench
2029-05-16,84.7,🟡 HIGH,Cascadia Subduction
2029-05-16,84.7,🟡 HIGH,Japan Trench
2029-05-16,84.7,🟡 HIGH,Aleutian Trench
2029-05-16,84.7,🟡 HIGH,Kuril-Kamchatka
2029-05-16,84.7,🟡 HIGH,Izu-Bonin-Mariana
2029-05-16,84.7,🟡 HIGH,Philippine Trench
2029-05-16,84.7,🟡 HIGH,Java-Sumatra Trench
2029-05-16,84.7,🟡 HIGH,Tonga-Kermadec
2029-05-16,84.7,🟡 HIGH,Himalayan Thrust
2029-05-16,84.7,🟡 HIGH,Mediterranean-Hellenic
2029-05-16,84.7,🟡 HIGH,Andaman-Nicobar Trench
2029-05-16,84.7,🟡 HIGH,Sumatra-Java Trench
2029-05-16,84.7,🟡 HIGH,Andaman-Nicobar Segment
2029-05-16,84.7,🟡 HIGH,Indo-Gangetic Plain / Himalayan Front
2029-05-16,84.7,🟡 HIGH,Kachchh-Gujarat Rift
2029-05-16,84.7,🟡 HIGH,Makran Subduction Zone
2029-05-16,84.7,🟡 HIGH,Indo-Burmese Arc
2029-05-16,84.7,🟡 HIGH,Ninety East Ridge
2029-05-17,84.3,🟡 HIGH,Chile-Peru Trench
2029-05-17,84.3,🟡 HIGH,Cascadia Subduction
2029-05-17,84.3,🟡 HIGH,Japan Trench
2029-05-17,84.3,🟡 HIGH,Aleutian Trench
2029-05-17,84.3,🟡 HIGH,Kuril-Kamchatka
2029-05-17,84.3,🟡 HIGH,Izu-Bonin-Mariana
2029-05-17,84.3,🟡 HIGH,Philippine Trench
2029-05-17,84.3,🟡 HIGH,Java-Sumatra Trench
2029-05-17,84.3,🟡 HIGH,Tonga-Kermadec
2029-05-17,84.3,🟡 HIGH,Himalayan Thrust
2029-05-17,84.3,🟡 HIGH,Mediterranean-Hellenic
2029-05-17,84.3,🟡 HIGH,Andaman-Nicobar Trench
2029-05-17,84.3,🟡 HIGH,Sumatra-Java Trench
2029-05-17,84.3,🟡 HIGH,Andaman-Nicobar Segment
2029-05-17,84.3,🟡 HIGH,Indo-Gangetic Plain / Himalayan Front
2029-05-17,84.3,🟡 HIGH,Kachchh-Gujarat Rift
2029-05-17,84.3,🟡 HIGH,Makran Subduction Zone
2029-05-17,84.3,🟡 HIGH,Indo-Burmese Arc
2029-05-17,84.3,🟡 HIGH,Ninety East Ridge
2029-05-18,85.7,🔴 EXTREME,Chile-Peru Trench
2029-05-18,85.7,🔴 EXTREME,Cascadia Subduction
2029-05-18,85.7,🔴 EXTREME,Japan Trench
2029-05-18,85.7,🔴 EXTREME,Aleutian Trench
2029-05-18,85.7,🔴 EXTREME,Kuril-Kamchatka
2029-05-18,85.7,🔴 EXTREME,Izu-Bonin-Mariana
2029-05-18,85.7,🔴 EXTREME,Philippine Trench
2029-05-18,85.7,🔴 EXTREME,Java-Sumatra Trench
2029-05-18,85.7,🔴 EXTREME,Tonga-Kermadec
2029-05-18,85.7,🔴 EXTREME,Himalayan Thrust
2029-05-18,85.7,🔴 EXTREME,Mediterranean-Hellenic
2029-05-18,85.7,🔴 EXTREME,Andaman-Nicobar Trench
2029-05-18,85.7,🔴 EXTREME,Sumatra-Java Trench
2029-05-18,85.7,🔴 EXTREME,Andaman-Nicobar Segment
2029-05-18,85.7,🔴 EXTREME,Indo-Gangetic Plain / Himalayan Front
2029-05-18,85.7,🔴 EXTREME,Kachchh-Gujarat Rift
2029-05-18,85.7,🔴 EXTREME,Makran Subduction Zone
2029-05-18,85.7,🔴 EXTREME,Indo-Burmese Arc
2029-05-18,85.7,🔴 EXTREME,Ninety East Ridge
2029-05-19,85.4,🔴 EXTREME,Chile-Peru Trench
2029-05-19,85.4,🔴 EXTREME,Cascadia Subduction
2029-05-19,85.4,🔴 EXTREME,Japan Trench
2029-05-19,85.4,🔴 EXTREME,Aleutian Trench
2029-05-19,85.4,🔴 EXTREME,Kuril-Kamchatka
2029-05-19,85.4,🔴 EXTREME,Izu-Bonin-Mariana
2029-05-19,85.4,🔴 EXTREME,Philippine Trench
2029-05-19,85.4,🔴 EXTREME,Java-Sumatra Trench
2029-05-19,85.4,🔴 EXTREME,Tonga-Kermadec
2029-05-19,85.4,🔴 EXTREME,Himalayan Thrust
2029-05-19,85.4,🔴 EXTREME,Mediterranean-Hellenic
2029-05-19,85.4,🔴 EXTREME,Andaman-Nicobar Trench
2029-05-19,85.4,🔴 EXTREME,Sumatra-Java Trench
2029-05-19,85.4,🔴 EXTREME,Andaman-Nicobar Segment
2029-05-19,85.4,🔴 EXTREME,Indo-Gangetic Plain / Himalayan Front
2029-05-19,85.4,🔴 EXTREME,Kachchh-Gujarat Rift
2029-05-19,85.4,🔴 EXTREME,Makran Subduction Zone
2029-05-19,85.4,🔴 EXTREME,Indo-Burmese Arc
2029-05-19,85.4,🔴 EXTREME,Ninety East Ridge
2029-05-20,83.7,🟡 HIGH,Chile-Peru Trench
2029-05-20,83.7,🟡 HIGH,Cascadia Subduction
2029-05-20,83.7,🟡 HIGH,Japan Trench
2029-05-20,83.7,🟡 HIGH,Aleutian Trench
2029-05-20,83.7,🟡 HIGH,Kuril-Kamchatka
2029-05-20,83.7,🟡 HIGH,Izu-Bonin-Mariana
2029-05-20,83.7,🟡 HIGH,Philippine Trench
2029-05-20,83.7,🟡 HIGH,Java-Sumatra Trench
2029-05-20,83.7,🟡 HIGH,Tonga-Kermadec
2029-05-20,83.7,🟡 HIGH,Himalayan Thrust
2029-05-20,83.7,🟡 HIGH,Mediterranean-Hellenic
2029-05-20,83.7,🟡 HIGH,Andaman-Nicobar Trench
2029-05-20,83.7,🟡 HIGH,Sumatra-Java Trench
2029-05-20,83.7,🟡 HIGH,Andaman-Nicobar Segment
2029-05-20,83.7,🟡 HIGH,Indo-Gangetic Plain / Himalayan Front
2029-05-20,83.7,🟡 HIGH,Kachchh-Gujarat Rift
2029-05-20,83.7,🟡 HIGH,Makran Subduction Zone
2029-05-20,83.7,🟡 HIGH,Indo-Burmese Arc
2029-05-20,83.7,🟡 HIGH,Ninety East Ridge
2029-06-01,82.1,🟡 HIGH,Chile-Peru Trench
2029-06-01,82.1,🟡 HIGH,Cascadia Subduction
2029-06-01,82.1,🟡 HIGH,Japan Trench
2029-06-01,82.1,🟡 HIGH,Aleutian Trench
2029-06-01,82.1,🟡 HIGH,Kuril-Kamchatka
2029-06-01,82.1,🟡 HIGH,Izu-Bonin-Mariana
2029-06-01,82.1,🟡 HIGH,Philippine Trench
2029-06-01,82.1,🟡 HIGH,Java-Sumatra Trench
2029-06-01,82.1,🟡 HIGH,Tonga-Kermadec
2029-06-01,82.1,🟡 HIGH,Himalayan Thrust
2029-06-01,82.1,🟡 HIGH,Mediterranean-Hellenic
2029-06-01,82.1,🟡 HIGH,Andaman-Nicobar Trench
2029-06-01,82.1,🟡 HIGH,Sumatra-Java Trench
2029-06-01,82.1,🟡 HIGH,Andaman-Nicobar Segment
2029-06-01,82.1,🟡 HIGH,Indo-Gangetic Plain / Himalayan Front
2029-06-01,82.1,🟡 HIGH,Kachchh-Gujarat Rift
2029-06-01,82.1,🟡 HIGH,Makran Subduction Zone
2029-06-01,82.1,🟡 HIGH,Indo-Burmese Arc
2029-06-01,82.1,🟡 HIGH,Ninety East Ridge
2029-06-02,86.2,🔴 EXTREME,Chile-Peru Trench
2029-06-02,86.2,🔴 EXTREME,Cascadia Subduction
2029-06-02,86.2,🔴 EXTREME,Japan Trench
2029-06-02,86.2,🔴 EXTREME,Aleutian Trench
2029-06-02,86.2,🔴 EXTREME,Kuril-Kamchatka
2029-06-02,86.2,🔴 EXTREME,Izu-Bonin-Mariana
2029-06-02,86.2,🔴 EXTREME,Philippine Trench
2029-06-02,86.2,🔴 EXTREME,Java-Sumatra Trench
2029-06-02,86.2,🔴 EXTREME,Tonga-Kermadec
2029-06-02,86.2,🔴 EXTREME,Himalayan Thrust
2029-06-02,86.2,🔴 EXTREME,Mediterranean-Hellenic
2029-06-02,86.2,🔴 EXTREME,Andaman-Nicobar Trench
2029-06-02,86.2,🔴 EXTREME,Sumatra-Java Trench
2029-06-02,86.2,🔴 EXTREME,Andaman-Nicobar Segment
2029-06-02,86.2,🔴 EXTREME,Indo-Gangetic Plain / Himalayan Front
2029-06-02,86.2,🔴 EXTREME,Kachchh-Gujarat Rift
2029-06-02,86.2,🔴 EXTREME,Makran Subduction Zone
2029-06-02,86.2,🔴 EXTREME,Indo-Burmese Arc
2029-06-02,86.2,🔴 EXTREME,Ninety East Ridge
2029-06-03,86.3,🔴 EXTREME,Chile-Peru Trench
2029-06-03,86.3,🔴 EXTREME,Cascadia Subduction
2029-06-03,86.3,🔴 EXTREME,Japan Trench
2029-06-03,86.3,🔴 EXTREME,Aleutian Trench
2029-06-03,86.3,🔴 EXTREME,Kuril-Kamchatka
2029-06-03,86.3,🔴 EXTREME,Izu-Bonin-Mariana
2029-06-03,86.3,🔴 EXTREME,Philippine Trench
2029-06-03,86.3,🔴 EXTREME,Java-Sumatra Trench
2029-06-03,86.3,🔴 EXTREME,Tonga-Kermadec
2029-06-03,86.3,🔴 EXTREME,Himalayan Thrust
2029-06-03,86.3,🔴 EXTREME,Mediterranean-Hellenic
2029-06-03,86.3,🔴 EXTREME,Andaman-Nicobar Trench
2029-06-03,86.3,🔴 EXTREME,Sumatra-Java Trench
2029-06-03,86.3,🔴 EXTREME,Andaman-Nicobar Segment
2029-06-03,86.3,🔴 EXTREME,Indo-Gangetic Plain / Himalayan Front
2029-06-03,86.3,🔴 EXTREME,Kachchh-Gujarat Rift
2029-06-03,86.3,🔴 EXTREME,Makran Subduction Zone
2029-06-03,86.3,🔴 EXTREME,Indo-Burmese Arc
2029-06-03,86.3,🔴 EXTREME,Ninety East Ridge
2029-06-13,87.4,🔴 EXTREME,Chile-Peru Trench
2029-06-13,87.4,🔴 EXTREME,Cascadia Subduction
2029-06-13,87.4,🔴 EXTREME,Japan Trench
2029-06-13,87.4,🔴 EXTREME,Aleutian Trench
2029-06-13,87.4,🔴 EXTREME,Kuril-Kamchatka
2029-06-13,87.4,🔴 EXTREME,Izu-Bonin-Mariana
2029-06-13,87.4,🔴 EXTREME,Philippine Trench
2029-06-13,87.4,🔴 EXTREME,Java-Sumatra Trench
2029-06-13,87.4,🔴 EXTREME,Tonga-Kermadec
2029-06-13,87.4,🔴 EXTREME,Himalayan Thrust
2029-06-13,87.4,🔴 EXTREME,Mediterranean-Hellenic
2029-06-13,87.4,🔴 EXTREME,Andaman-Nicobar Trench
2029-06-13,87.4,🔴 EXTREME,Sumatra-Java Trench
2029-06-13,87.4,🔴 EXTREME,Andaman-Nicobar Segment
2029-06-13,87.4,🔴 EXTREME,Indo-Gangetic Plain / Himalayan Front
2029-06-13,87.4,🔴 EXTREME,Kachchh-Gujarat Rift
2029-06-13,87.4,🔴 EXTREME,Makran Subduction Zone
2029-06-13,87.4,🔴 EXTREME,Indo-Burmese Arc
2029-06-13,87.4,🔴 EXTREME,Ninety East Ridge
2029-06-14,86.7,🔴 EXTREME,Chile-Peru Trench
2029-06-14,86.7,🔴 EXTREME,Cascadia Subduction
2029-06-14,86.7,🔴 EXTREME,Japan Trench
2029-06-14,86.7,🔴 EXTREME,Aleutian Trench
2029-06-14,86.7,🔴 EXTREME,Kuril-Kamchatka
2029-06-14,86.7,🔴 EXTREME,Izu-Bonin-Mariana
2029-06-14,86.7,🔴 EXTREME,Philippine Trench
2029-06-14,86.7,🔴 EXTREME,Java-Sumatra Trench
2029-06-14,86.7,🔴 EXTREME,Tonga-Kermadec
2029-06-14,86.7,🔴 EXTREME,Himalayan Thrust
2029-06-14,86.7,🔴 EXTREME,Mediterranean-Hellenic
2029-06-14,86.7,🔴 EXTREME,Andaman-Nicobar Trench
2029-06-14,86.7,🔴 EXTREME,Sumatra-Java Trench
2029-06-14,86.7,🔴 EXTREME,Andaman-Nicobar Segment
2029-06-14,86.7,🔴 EXTREME,Indo-Gangetic Plain / Himalayan Front
2029-06-14,86.7,🔴 EXTREME,Kachchh-Gujarat Rift
2029-06-14,86.7,🔴 EXTREME,Makran Subduction Zone
2029-06-14,86.7,🔴 EXTREME,Indo-Burmese Arc
2029-06-14,86.7,🔴 EXTREME,Ninety East Ridge
2029-06-15,85.0,🔴 EXTREME,Chile-Peru Trench
2029-06-15,85.0,🔴 EXTREME,Cascadia Subduction
2029-06-15,85.0,🔴 EXTREME,Japan Trench
2029-06-15,85.0,🔴 EXTREME,Aleutian Trench
2029-06-15,85.0,🔴 EXTREME,Kuril-Kamchatka
2029-06-15,85.0,🔴 EXTREME,Izu-Bonin-Mariana
2029-06-15,85.0,🔴 EXTREME,Philippine Trench
2029-06-15,85.0,🔴 EXTREME,Java-Sumatra Trench
2029-06-15,85.0,🔴 EXTREME,Tonga-Kermadec
2029-06-15,85.0,🔴 EXTREME,Himalayan Thrust
2029-06-15,85.0,🔴 EXTREME,Mediterranean-Hellenic
2029-06-15,85.0,🔴 EXTREME,Andaman-Nicobar Trench
2029-06-15,85.0,🔴 EXTREME,Sumatra-Java Trench
2029-06-15,85.0,🔴 EXTREME,Andaman-Nicobar Segment
2029-06-15,85.0,🔴 EXTREME,Indo-Gangetic Plain / Himalayan Front
2029-06-15,85.0,🔴 EXTREME,Kachchh-Gujarat Rift
2029-06-15,85.0,🔴 EXTREME,Makran Subduction Zone
2029-06-15,85.0,🔴 EXTREME,Indo-Burmese Arc
2029-06-15,85.0,🔴 EXTREME,Ninety East Ridge
2029-06-16,84.2,🟡 HIGH,Chile-Peru Trench
2029-06-16,84.2,🟡 HIGH,Cascadia Subduction
2029-06-16,84.2,🟡 HIGH,Japan Trench
2029-06-16,84.2,🟡 HIGH,Aleutian Trench
2029-06-16,84.2,🟡 HIGH,Kuril-Kamchatka
2029-06-16,84.2,🟡 HIGH,Izu-Bonin-Mariana
2029-06-16,84.2,🟡 HIGH,Philippine Trench
2029-06-16,84.2,🟡 HIGH,Java-Sumatra Trench
2029-06-16,84.2,🟡 HIGH,Tonga-Kermadec
2029-06-16,84.2,🟡 HIGH,Himalayan Thrust
2029-06-16,84.2,🟡 HIGH,Mediterranean-Hellenic
2029-06-16,84.2,🟡 HIGH,Andaman-Nicobar Trench
2029-06-16,84.2,🟡 HIGH,Sumatra-Java Trench
2029-06-16,84.2,🟡 HIGH,Andaman-Nicobar Segment
2029-06-16,84.2,🟡 HIGH,Indo-Gangetic Plain / Himalayan Front
2029-06-16,84.2,🟡 HIGH,Kachchh-Gujarat Rift
2029-06-16,84.2,🟡 HIGH,Makran Subduction Zone
2029-06-16,84.2,🟡 HIGH,Indo-Burmese Arc
2029-06-16,84.2,🟡 HIGH,Ninety East Ridge
2029-06-17,78.3,🟡 HIGH,Chile-Peru Trench
2029-06-17,78.3,🟡 HIGH,Cascadia Subduction
2029-06-17,78.3,🟡 HIGH,Japan Trench
2029-06-17,78.3,🟡 HIGH,Aleutian Trench
2029-06-17,78.3,🟡 HIGH,Kuril-Kamchatka
2029-06-17,78.3,🟡 HIGH,Izu-Bonin-Mariana
2029-06-17,78.3,🟡 HIGH,Philippine Trench
2029-06-17,78.3,🟡 HIGH,Java-Sumatra Trench
2029-06-17,78.3,🟡 HIGH,Tonga-Kermadec
2029-06-17,78.3,🟡 HIGH,Himalayan Thrust
2029-06-17,78.3,🟡 HIGH,Mediterranean-Hellenic
2029-06-17,78.3,🟡 HIGH,Andaman-Nicobar Trench
2029-06-17,78.3,🟡 HIGH,Sumatra-Java Trench
2029-06-17,78.3,🟡 HIGH,Andaman-Nicobar Segment
2029-06-17,78.3,🟡 HIGH,Indo-Gangetic Plain / Himalayan Front
2029-06-17,78.3,🟡 HIGH,Kachchh-Gujarat Rift
2029-06-17,78.3,🟡 HIGH,Makran Subduction Zone
2029-06-17,78.3,🟡 HIGH,Indo-Burmese Arc
2029-06-17,78.3,🟡 HIGH,Ninety East Ridge
2029-06-18,76.1,🟡 HIGH,Chile-Peru Trench
2029-06-18,76.1,🟡 HIGH,Cascadia Subduction
2029-06-18,76.1,🟡 HIGH,Japan Trench
2029-06-18,76.1,🟡 HIGH,Aleutian Trench
2029-06-18,76.1,🟡 HIGH,Kuril-Kamchatka
2029-06-18,76.1,🟡 HIGH,Izu-Bonin-Mariana
2029-06-18,76.1,🟡 HIGH,Philippine Trench
2029-06-18,76.1,🟡 HIGH,Java-Sumatra Trench
2029-06-18,76.1,🟡 HIGH,Tonga-Kermadec
2029-06-18,76.1,🟡 HIGH,Himalayan Thrust
2029-06-18,76.1,🟡 HIGH,Mediterranean-Hellenic
2029-06-18,76.1,🟡 HIGH,Andaman-Nicobar Trench
2029-06-18,76.1,🟡 HIGH,Sumatra-Java Trench
2029-06-18,76.1,🟡 HIGH,Andaman-Nicobar Segment
2029-06-18,76.1,🟡 HIGH,Indo-Gangetic Plain / Himalayan Front
2029-06-18,76.1,🟡 HIGH,Kachchh-Gujarat Rift
2029-06-18,76.1,🟡 HIGH,Makran Subduction Zone
2029-06-18,76.1,🟡 HIGH,Indo-Burmese Arc
2029-06-18,76.1,🟡 HIGH,Ninety East Ridge
2029-09-23,80.9,🟡 HIGH,Chile-Peru Trench
2029-09-23,80.9,🟡 HIGH,Cascadia Subduction
2029-09-23,80.9,🟡 HIGH,Japan Trench
2029-09-23,80.9,🟡 HIGH,Aleutian Trench
2029-09-23,80.9,🟡 HIGH,Kuril-Kamchatka
2029-09-23,80.9,🟡 HIGH,Izu-Bonin-Mariana
2029-09-23,80.9,🟡 HIGH,Philippine Trench
2029-09-23,80.9,🟡 HIGH,Java-Sumatra Trench
2029-09-23,80.9,🟡 HIGH,Tonga-Kermadec
2029-09-23,80.9,🟡 HIGH,Himalayan Thrust
2029-09-23,80.9,🟡 HIGH,Mediterranean-Hellenic
2029-09-23,80.9,🟡 HIGH,Andaman-Nicobar Trench
2029-09-23,80.9,🟡 HIGH,Sumatra-Java Trench
2029-09-23,80.9,🟡 HIGH,Andaman-Nicobar Segment
2029-09-23,80.9,🟡 HIGH,Indo-Gangetic Plain / Himalayan Front
2029-09-23,80.9,🟡 HIGH,Kachchh-Gujarat Rift
2029-09-23,80.9,🟡 HIGH,Makran Subduction Zone
2029-09-23,80.9,🟡 HIGH,Indo-Burmese Arc
2029-09-23,80.9,🟡 HIGH,Ninety East Ridge
2029-09-24,78.6,🟡 HIGH,Chile-Peru Trench
2029-09-24,78.6,🟡 HIGH,Cascadia Subduction
2029-09-24,78.6,🟡 HIGH,Japan Trench
2029-09-24,78.6,🟡 HIGH,Aleutian Trench
2029-09-24,78.6,🟡 HIGH,Kuril-Kamchatka
2029-09-24,78.6,🟡 HIGH,Izu-Bonin-Mariana
2029-09-24,78.6,🟡 HIGH,Philippine Trench
2029-09-24,78.6,🟡 HIGH,Java-Sumatra Trench
2029-09-24,78.6,🟡 HIGH,Tonga-Kermadec
2029-09-24,78.6,🟡 HIGH,Himalayan Thrust
2029-09-24,78.6,🟡 HIGH,Mediterranean-Hellenic
2029-09-24,78.6,🟡 HIGH,Andaman-Nicobar Trench
2029-09-24,78.6,🟡 HIGH,Sumatra-Java Trench
2029-09-24,78.6,🟡 HIGH,Andaman-Nicobar Segment
2029-09-24,78.6,🟡 HIGH,Indo-Gangetic Plain / Himalayan Front
2029-09-24,78.6,🟡 HIGH,Kachchh-Gujarat Rift
2029-09-24,78.6,🟡 HIGH,Makran Subduction Zone
2029-09-24,78.6,🟡 HIGH,Indo-Burmese Arc
2029-09-24,78.6,🟡 HIGH,Ninety East Ridge
2029-11-25,84.9,🟡 HIGH,Chile-Peru Trench
2029-11-25,84.9,🟡 HIGH,Cascadia Subduction
2029-11-25,84.9,🟡 HIGH,Japan Trench
2029-11-25,84.9,🟡 HIGH,Aleutian Trench
2029-11-25,84.9,🟡 HIGH,Kuril-Kamchatka
2029-11-25,84.9,🟡 HIGH,Izu-Bonin-Mariana
2029-11-25,84.9,🟡 HIGH,Philippine Trench
2029-11-25,84.9,🟡 HIGH,Java-Sumatra Trench
2029-11-25,84.9,🟡 HIGH,Tonga-Kermadec
2029-11-25,84.9,🟡 HIGH,Himalayan Thrust
2029-11-25,84.9,🟡 HIGH,Mediterranean-Hellenic
2029-11-25,84.9,🟡 HIGH,Andaman-Nicobar Trench
2029-11-25,84.9,🟡 HIGH,Sumatra-Java Trench
2029-11-25,84.9,🟡 HIGH,Andaman-Nicobar Segment
2029-11-25,84.9,🟡 HIGH,Indo-Gangetic Plain / Himalayan Front
2029-11-25,84.9,🟡 HIGH,Kachchh-Gujarat Rift
2029-11-25,84.9,🟡 HIGH,Makran Subduction Zone
2029-11-25,84.9,🟡 HIGH,Indo-Burmese Arc
2029-11-25,84.9,🟡 HIGH,Ninety East Ridge
2029-11-26,85.6,🔴 EXTREME,Chile-Peru Trench
2029-11-26,85.6,🔴 EXTREME,Cascadia Subduction
2029-11-26,85.6,🔴 EXTREME,Japan Trench
2029-11-26,85.6,🔴 EXTREME,Aleutian Trench
2029-11-26,85.6,🔴 EXTREME,Kuril-Kamchatka
2029-11-26,85.6,🔴 EXTREME,Izu-Bonin-Mariana
2029-11-26,85.6,🔴 EXTREME,Philippine Trench
2029-11-26,85.6,🔴 EXTREME,Java-Sumatra Trench
2029-11-26,85.6,🔴 EXTREME,Tonga-Kermadec
2029-11-26,85.6,🔴 EXTREME,Himalayan Thrust
2029-11-26,85.6,🔴 EXTREME,Mediterranean-Hellenic
2029-11-26,85.6,🔴 EXTREME,Andaman-Nicobar Trench
2029-11-26,85.6,🔴 EXTREME,Sumatra-Java Trench
2029-11-26,85.6,🔴 EXTREME,Andaman-Nicobar Segment
2029-11-26,85.6,🔴 EXTREME,Indo-Gangetic Plain / Himalayan Front
2029-11-26,85.6,🔴 EXTREME,Kachchh-Gujarat Rift
2029-11-26,85.6,🔴 EXTREME,Makran Subduction Zone
2029-11-26,85.6,🔴 EXTREME,Indo-Burmese Arc
2029-11-26,85.6,🔴 EXTREME,Ninety East Ridge
2029-11-27,86.1,🔴 EXTREME,Chile-Peru Trench
2029-11-27,86.1,🔴 EXTREME,Cascadia Subduction
2029-11-27,86.1,🔴 EXTREME,Japan Trench
2029-11-27,86.1,🔴 EXTREME,Aleutian Trench
2029-11-27,86.1,🔴 EXTREME,Kuril-Kamchatka
2029-11-27,86.1,🔴 EXTREME,Izu-Bonin-Mariana
2029-11-27,86.1,🔴 EXTREME,Philippine Trench
2029-11-27,86.1,🔴 EXTREME,Java-Sumatra Trench
2029-11-27,86.1,🔴 EXTREME,Tonga-Kermadec
2029-11-27,86.1,🔴 EXTREME,Himalayan Thrust
2029-11-27,86.1,🔴 EXTREME,Mediterranean-Hellenic
2029-11-27,86.1,🔴 EXTREME,Andaman-Nicobar Trench
2029-11-27,86.1,🔴 EXTREME,Sumatra-Java Trench
2029-11-27,86.1,🔴 EXTREME,Andaman-Nicobar Segment
2029-11-27,86.1,🔴 EXTREME,Indo-Gangetic Plain / Himalayan Front
2029-11-27,86.1,🔴 EXTREME,Kachchh-Gujarat Rift
2029-11-27,86.1,🔴 EXTREME,Makran Subduction Zone
2029-11-27,86.1,🔴 EXTREME,Indo-Burmese Arc
2029-11-27,86.1,🔴 EXTREME,Ninety East Ridge
2029-11-28,82.9,🟡 HIGH,Chile-Peru Trench
2029-11-28,82.9,🟡 HIGH,Cascadia Subduction
2029-11-28,82.9,🟡 HIGH,Japan Trench
2029-11-28,82.9,🟡 HIGH,Aleutian Trench
2029-11-28,82.9,🟡 HIGH,Kuril-Kamchatka
2029-11-28,82.9,🟡 HIGH,Izu-Bonin-Mariana
2029-11-28,82.9,🟡 HIGH,Philippine Trench
2029-11-28,82.9,🟡 HIGH,Java-Sumatra Trench
2029-11-28,82.9,🟡 HIGH,Tonga-Kermadec
2029-11-28,82.9,🟡 HIGH,Himalayan Thrust
2029-11-28,82.9,🟡 HIGH,Mediterranean-Hellenic
2029-11-28,82.9,🟡 HIGH,Andaman-Nicobar Trench
2029-11-28,82.9,🟡 HIGH,Sumatra-Java Trench
2029-11-28,82.9,🟡 HIGH,Andaman-Nicobar Segment
2029-11-28,82.9,🟡 HIGH,Indo-Gangetic Plain / Himalayan Front
2029-11-28,82.9,🟡 HIGH,Kachchh-Gujarat Rift
2029-11-28,82.9,🟡 HIGH,Makran Subduction Zone
2029-11-28,82.9,🟡 HIGH,Indo-Burmese Arc
2029-11-28,82.9,🟡 HIGH,Ninety East Ridge
2029-12-06,82.2,🟡 HIGH,Chile-Peru Trench
2029-12-06,82.2,🟡 HIGH,Cascadia Subduction
2029-12-06,82.2,🟡 HIGH,Japan Trench
2029-12-06,82.2,🟡 HIGH,Aleutian Trench
2029-12-06,82.2,🟡 HIGH,Kuril-Kamchatka
2029-12-06,82.2,🟡 HIGH,Izu-Bonin-Mariana
2029-12-06,82.2,🟡 HIGH,Philippine Trench
2029-12-06,82.2,🟡 HIGH,Java-Sumatra Trench
2029-12-06,82.2,🟡 HIGH,Tonga-Kermadec
2029-12-06,82.2,🟡 HIGH,Himalayan Thrust
2029-12-06,82.2,🟡 HIGH,Mediterranean-Hellenic
2029-12-06,82.2,🟡 HIGH,Andaman-Nicobar Trench
2029-12-06,82.2,🟡 HIGH,Sumatra-Java Trench
2029-12-06,82.2,🟡 HIGH,Andaman-Nicobar Segment
2029-12-06,82.2,🟡 HIGH,Indo-Gangetic Plain / Himalayan Front
2029-12-06,82.2,🟡 HIGH,Kachchh-Gujarat Rift
2029-12-06,82.2,🟡 HIGH,Makran Subduction Zone
2029-12-06,82.2,🟡 HIGH,Indo-Burmese Arc
2029-12-06,82.2,🟡 HIGH,Ninety East Ridge
2029-12-07,82.0,🟡 HIGH,Chile-Peru Trench
2029-12-07,82.0,🟡 HIGH,Cascadia Subduction
2029-12-07,82.0,🟡 HIGH,Japan Trench
2029-12-07,82.0,🟡 HIGH,Aleutian Trench
2029-12-07,82.0,🟡 HIGH,Kuril-Kamchatka
2029-12-07,82.0,🟡 HIGH,Izu-Bonin-Mariana
2029-12-07,82.0,🟡 HIGH,Philippine Trench
2029-12-07,82.0,🟡 HIGH,Java-Sumatra Trench
2029-12-07,82.0,🟡 HIGH,Tonga-Kermadec
2029-12-07,82.0,🟡 HIGH,Himalayan Thrust
2029-12-07,82.0,🟡 HIGH,Mediterranean-Hellenic
2029-12-07,82.0,🟡 HIGH,Andaman-Nicobar Trench
2029-12-07,82.0,🟡 HIGH,Sumatra-Java Trench
2029-12-07,82.0,🟡 HIGH,Andaman-Nicobar Segment
2029-12-07,82.0,🟡 HIGH,Indo-Gangetic Plain / Himalayan Front
2029-12-07,82.0,🟡 HIGH,Kachchh-Gujarat Rift
2029-12-07,82.0,🟡 HIGH,Makran Subduction Zone
2029-12-07,82.0,🟡 HIGH,Indo-Burmese Arc
2029-12-07,82.0,🟡 HIGH,Ninety East Ridge
2029-12-08,83.2,🟡 HIGH,Chile-Peru Trench
2029-12-08,83.2,🟡 HIGH,Cascadia Subduction
2029-12-08,83.2,🟡 HIGH,Japan Trench
2029-12-08,83.2,🟡 HIGH,Aleutian Trench
2029-12-08,83.2,🟡 HIGH,Kuril-Kamchatka
2029-12-08,83.2,🟡 HIGH,Izu-Bonin-Mariana
2029-12-08,83.2,🟡 HIGH,Philippine Trench
2029-12-08,83.2,🟡 HIGH,Java-Sumatra Trench
2029-12-08,83.2,🟡 HIGH,Tonga-Kermadec
2029-12-08,83.2,🟡 HIGH,Himalayan Thrust
2029-12-08,83.2,🟡 HIGH,Mediterranean-Hellenic
2029-12-08,83.2,🟡 HIGH,Andaman-Nicobar Trench
2029-12-08,83.2,🟡 HIGH,Sumatra-Java Trench
2029-12-08,83.2,🟡 HIGH,Andaman-Nicobar Segment
2029-12-08,83.2,🟡 HIGH,Indo-Gangetic Plain / Himalayan Front
2029-12-08,83.2,🟡 HIGH,Kachchh-Gujarat Rift
2029-12-08,83.2,🟡 HIGH,Makran Subduction Zone
2029-12-08,83.2,🟡 HIGH,Indo-Burmese Arc
2029-12-08,83.2,🟡 HIGH,Ninety East Ridge
2029-12-09,83.3,🟡 HIGH,Chile-Peru Trench
2029-12-09,83.3,🟡 HIGH,Cascadia Subduction
2029-12-09,83.3,🟡 HIGH,Japan Trench
2029-12-09,83.3,🟡 HIGH,Aleutian Trench
2029-12-09,83.3,🟡 HIGH,Kuril-Kamchatka
2029-12-09,83.3,🟡 HIGH,Izu-Bonin-Mariana
2029-12-09,83.3,🟡 HIGH,Philippine Trench
2029-12-09,83.3,🟡 HIGH,Java-Sumatra Trench
2029-12-09,83.3,🟡 HIGH,Tonga-Kermadec
2029-12-09,83.3,🟡 HIGH,Himalayan Thrust
2029-12-09,83.3,🟡 HIGH,Mediterranean-Hellenic
2029-12-09,83.3,🟡 HIGH,Andaman-Nicobar Trench
2029-12-09,83.3,🟡 HIGH,Sumatra-Java Trench
2029-12-09,83.3,🟡 HIGH,Andaman-Nicobar Segment
2029-12-09,83.3,🟡 HIGH,Indo-Gangetic Plain / Himalayan Front
2029-12-09,83.3,🟡 HIGH,Kachchh-Gujarat Rift
2029-12-09,83.3,🟡 HIGH,Makran Subduction Zone
2029-12-09,83.3,🟡 HIGH,Indo-Burmese Arc
2029-12-09,83.3,🟡 HIGH,Ninety East Ridge
2029-12-10,85.9,🔴 EXTREME,Chile-Peru Trench
2029-12-10,85.9,🔴 EXTREME,Cascadia Subduction
2029-12-10,85.9,🔴 EXTREME,Japan Trench
2029-12-10,85.9,🔴 EXTREME,Aleutian Trench
2029-12-10,85.9,🔴 EXTREME,Kuril-Kamchatka
2029-12-10,85.9,🔴 EXTREME,Izu-Bonin-Mariana
2029-12-10,85.9,🔴 EXTREME,Philippine Trench
2029-12-10,85.9,🔴 EXTREME,Java-Sumatra Trench
2029-12-10,85.9,🔴 EXTREME,Tonga-Kermadec
2029-12-10,85.9,🔴 EXTREME,Himalayan Thrust
2029-12-10,85.9,🔴 EXTREME,Mediterranean-Hellenic
2029-12-10,85.9,🔴 EXTREME,Andaman-Nicobar Trench
2029-12-10,85.9,🔴 EXTREME,Sumatra-Java Trench
2029-12-10,85.9,🔴 EXTREME,Andaman-Nicobar Segment
2029-12-10,85.9,🔴 EXTREME,Indo-Gangetic Plain / Himalayan Front
2029-12-10,85.9,🔴 EXTREME,Kachchh-Gujarat Rift
2029-12-10,85.9,🔴 EXTREME,Makran Subduction Zone
2029-12-10,85.9,🔴 EXTREME,Indo-Burmese Arc
2029-12-10,85.9,🔴 EXTREME,Ninety East Ridge
2029-12-11,86.8,🔴 EXTREME,Chile-Peru Trench
2029-12-11,86.8,🔴 EXTREME,Cascadia Subduction
2029-12-11,86.8,🔴 EXTREME,Japan Trench
2029-12-11,86.8,🔴 EXTREME,Aleutian Trench
2029-12-11,86.8,🔴 EXTREME,Kuril-Kamchatka
2029-12-11,86.8,🔴 EXTREME,Izu-Bonin-Mariana
2029-12-11,86.8,🔴 EXTREME,Philippine Trench
2029-12-11,86.8,🔴 EXTREME,Java-Sumatra Trench
2029-12-11,86.8,🔴 EXTREME,Tonga-Kermadec
2029-12-11,86.8,🔴 EXTREME,Himalayan Thrust
2029-12-11,86.8,🔴 EXTREME,Mediterranean-Hellenic
2029-12-11,86.8,🔴 EXTREME,Andaman-Nicobar Trench
2029-12-11,86.8,🔴 EXTREME,Sumatra-Java Trench
2029-12-11,86.8,🔴 EXTREME,Andaman-Nicobar Segment
2029-12-11,86.8,🔴 EXTREME,Indo-Gangetic Plain / Himalayan Front
2029-12-11,86.8,🔴 EXTREME,Kachchh-Gujarat Rift
2029-12-11,86.8,🔴 EXTREME,Makran Subduction Zone
2029-12-11,86.8,🔴 EXTREME,Indo-Burmese Arc
2029-12-11,86.8,🔴 EXTREME,Ninety East Ridge
2029-12-12,88.0,🔴 EXTREME,Chile-Peru Trench
2029-12-12,88.0,🔴 EXTREME,Cascadia Subduction
2029-12-12,88.0,🔴 EXTREME,Japan Trench
2029-12-12,88.0,🔴 EXTREME,Aleutian Trench
2029-12-12,88.0,🔴 EXTREME,Kuril-Kamchatka
2029-12-12,88.0,🔴 EXTREME,Izu-Bonin-Mariana
2029-12-12,88.0,🔴 EXTREME,Philippine Trench
2029-12-12,88.0,🔴 EXTREME,Java-Sumatra Trench
2029-12-12,88.0,🔴 EXTREME,Tonga-Kermadec
2029-12-12,88.0,🔴 EXTREME,Himalayan Thrust
2029-12-12,88.0,🔴 EXTREME,Mediterranean-Hellenic
2029-12-12,88.0,🔴 EXTREME,Andaman-Nicobar Trench
2029-12-12,88.0,🔴 EXTREME,Sumatra-Java Trench
2029-12-12,88.0,🔴 EXTREME,Andaman-Nicobar Segment
2029-12-12,88.0,🔴 EXTREME,Indo-Gangetic Plain / Himalayan Front
2029-12-12,88.0,🔴 EXTREME,Kachchh-Gujarat Rift
2029-12-12,88.0,🔴 EXTREME,Makran Subduction Zone
2029-12-12,88.0,🔴 EXTREME,Indo-Burmese Arc
2029-12-12,88.0,🔴 EXTREME,Ninety East Ridge
2029-12-23,76.9,🟡 HIGH,Chile-Peru Trench
2029-12-23,76.9,🟡 HIGH,Cascadia Subduction
2029-12-23,76.9,🟡 HIGH,Japan Trench
2029-12-23,76.9,🟡 HIGH,Aleutian Trench
2029-12-23,76.9,🟡 HIGH,Kuril-Kamchatka
2029-12-23,76.9,🟡 HIGH,Izu-Bonin-Mariana
2029-12-23,76.9,🟡 HIGH,Philippine Trench
2029-12-23,76.9,🟡 HIGH,Java-Sumatra Trench
2029-12-23,76.9,🟡 HIGH,Tonga-Kermadec
2029-12-23,76.9,🟡 HIGH,Himalayan Thrust
2029-12-23,76.9,🟡 HIGH,Mediterranean-Hellenic
2029-12-23,76.9,🟡 HIGH,Andaman-Nicobar Trench
2029-12-23,76.9,🟡 HIGH,Sumatra-Java Trench
2029-12-23,76.9,🟡 HIGH,Andaman-Nicobar Segment
2029-12-23,76.9,🟡 HIGH,Indo-Gangetic Plain / Himalayan Front
2029-12-23,76.9,🟡 HIGH,Kachchh-Gujarat Rift
2029-12-23,76.9,🟡 HIGH,Makran Subduction Zone
2029-12-23,76.9,🟡 HIGH,Indo-Burmese Arc
2029-12-23,76.9,🟡 HIGH,Ninety East Ridge
2029-12-24,77.6,🟡 HIGH,Chile-Peru Trench
2029-12-24,77.6,🟡 HIGH,Cascadia Subduction
2029-12-24,77.6,🟡 HIGH,Japan Trench
2029-12-24,77.6,🟡 HIGH,Aleutian Trench
2029-12-24,77.6,🟡 HIGH,Kuril-Kamchatka
2029-12-24,77.6,🟡 HIGH,Izu-Bonin-Mariana
2029-12-24,77.6,🟡 HIGH,Philippine Trench
2029-12-24,77.6,🟡 HIGH,Java-Sumatra Trench
2029-12-24,77.6,🟡 HIGH,Tonga-Kermadec
2029-12-24,77.6,🟡 HIGH,Himalayan Thrust
2029-12-24,77.6,🟡 HIGH,Mediterranean-Hellenic
2029-12-24,77.6,🟡 HIGH,Andaman-Nicobar Trench
2029-12-24,77.6,🟡 HIGH,Sumatra-Java Trench
2029-12-24,77.6,🟡 HIGH,Andaman-Nicobar Segment
2029-12-24,77.6,🟡 HIGH,Indo-Gangetic Plain / Himalayan Front
2029-12-24,77.6,🟡 HIGH,Kachchh-Gujarat Rift
2029-12-24,77.6,🟡 HIGH,Makran Subduction Zone
2029-12-24,77.6,🟡 HIGH,Indo-Burmese Arc
2029-12-24,77.6,🟡 HIGH,Ninety East Ridge
2030-03-05,79.2,🟡 HIGH,Chile-Peru Trench
2030-03-05,79.2,🟡 HIGH,Cascadia Subduction
2030-03-05,79.2,🟡 HIGH,Japan Trench
2030-03-05,79.2,🟡 HIGH,Aleutian Trench
2030-03-05,79.2,🟡 HIGH,Kuril-Kamchatka
2030-03-05,79.2,🟡 HIGH,Izu-Bonin-Mariana
2030-03-05,79.2,🟡 HIGH,Philippine Trench
2030-03-05,79.2,🟡 HIGH,Java-Sumatra Trench
2030-03-05,79.2,🟡 HIGH,Tonga-Kermadec
2030-03-05,79.2,🟡 HIGH,Himalayan Thrust
2030-03-05,79.2,🟡 HIGH,Mediterranean-Hellenic
2030-03-05,79.2,🟡 HIGH,Andaman-Nicobar Trench
2030-03-05,79.2,🟡 HIGH,Sumatra-Java Trench
2030-03-05,79.2,🟡 HIGH,Andaman-Nicobar Segment
2030-03-05,79.2,🟡 HIGH,Indo-Gangetic Plain / Himalayan Front
2030-03-05,79.2,🟡 HIGH,Kachchh-Gujarat Rift
2030-03-05,79.2,🟡 HIGH,Makran Subduction Zone
2030-03-05,79.2,🟡 HIGH,Indo-Burmese Arc
2030-03-05,79.2,🟡 HIGH,Ninety East Ridge
2030-03-06,80.6,🟡 HIGH,Chile-Peru Trench
2030-03-06,80.6,🟡 HIGH,Cascadia Subduction
2030-03-06,80.6,🟡 HIGH,Japan Trench
2030-03-06,80.6,🟡 HIGH,Aleutian Trench
2030-03-06,80.6,🟡 HIGH,Kuril-Kamchatka
2030-03-06,80.6,🟡 HIGH,Izu-Bonin-Mariana
2030-03-06,80.6,🟡 HIGH,Philippine Trench
2030-03-06,80.6,🟡 HIGH,Java-Sumatra Trench
2030-03-06,80.6,🟡 HIGH,Tonga-Kermadec
2030-03-06,80.6,🟡 HIGH,Himalayan Thrust
2030-03-06,80.6,🟡 HIGH,Mediterranean-Hellenic
2030-03-06,80.6,🟡 HIGH,Andaman-Nicobar Trench
2030-03-06,80.6,🟡 HIGH,Sumatra-Java Trench
2030-03-06,80.6,🟡 HIGH,Andaman-Nicobar Segment
2030-03-06,80.6,🟡 HIGH,Indo-Gangetic Plain / Himalayan Front
2030-03-06,80.6,🟡 HIGH,Kachchh-Gujarat Rift
2030-03-06,80.6,🟡 HIGH,Makran Subduction Zone
2030-03-06,80.6,🟡 HIGH,Indo-Burmese Arc
2030-03-06,80.6,🟡 HIGH,Ninety East Ridge
2030-03-10,82.5,🟡 HIGH,Chile-Peru Trench
2030-03-10,82.5,🟡 HIGH,Cascadia Subduction
2030-03-10,82.5,🟡 HIGH,Japan Trench
2030-03-10,82.5,🟡 HIGH,Aleutian Trench
2030-03-10,82.5,🟡 HIGH,Kuril-Kamchatka
2030-03-10,82.5,🟡 HIGH,Izu-Bonin-Mariana
2030-03-10,82.5,🟡 HIGH,Philippine Trench
2030-03-10,82.5,🟡 HIGH,Java-Sumatra Trench
2030-03-10,82.5,🟡 HIGH,Tonga-Kermadec
2030-03-10,82.5,🟡 HIGH,Himalayan Thrust
2030-03-10,82.5,🟡 HIGH,Mediterranean-Hellenic
2030-03-10,82.5,🟡 HIGH,Andaman-Nicobar Trench
2030-03-10,82.5,🟡 HIGH,Sumatra-Java Trench
2030-03-10,82.5,🟡 HIGH,Andaman-Nicobar Segment
2030-03-10,82.5,🟡 HIGH,Indo-Gangetic Plain / Himalayan Front
2030-03-10,82.5,🟡 HIGH,Kachchh-Gujarat Rift
2030-03-10,82.5,🟡 HIGH,Makran Subduction Zone
2030-03-10,82.5,🟡 HIGH,Indo-Burmese Arc
2030-03-10,82.5,🟡 HIGH,Ninety East Ridge
2030-03-20,81.0,🟡 HIGH,Chile-Peru Trench
2030-03-20,81.0,🟡 HIGH,Cascadia Subduction
2030-03-20,81.0,🟡 HIGH,Japan Trench
2030-03-20,81.0,🟡 HIGH,Aleutian Trench
2030-03-20,81.0,🟡 HIGH,Kuril-Kamchatka
2030-03-20,81.0,🟡 HIGH,Izu-Bonin-Mariana
2030-03-20,81.0,🟡 HIGH,Philippine Trench
2030-03-20,81.0,🟡 HIGH,Java-Sumatra Trench
2030-03-20,81.0,🟡 HIGH,Tonga-Kermadec
2030-03-20,81.0,🟡 HIGH,Himalayan Thrust
2030-03-20,81.0,🟡 HIGH,Mediterranean-Hellenic
2030-03-20,81.0,🟡 HIGH,Andaman-Nicobar Trench
2030-03-20,81.0,🟡 HIGH,Sumatra-Java Trench
2030-03-20,81.0,🟡 HIGH,Andaman-Nicobar Segment
2030-03-20,81.0,🟡 HIGH,Indo-Gangetic Plain / Himalayan Front
2030-03-20,81.0,🟡 HIGH,Kachchh-Gujarat Rift
2030-03-20,81.0,🟡 HIGH,Makran Subduction Zone
2030-03-20,81.0,🟡 HIGH,Indo-Burmese Arc
2030-03-20,81.0,🟡 HIGH,Ninety East Ridge
2030-03-24,79.6,🟡 HIGH,Chile-Peru Trench
2030-03-24,79.6,🟡 HIGH,Cascadia Subduction
2030-03-24,79.6,🟡 HIGH,Japan Trench
2030-03-24,79.6,🟡 HIGH,Aleutian Trench
2030-03-24,79.6,🟡 HIGH,Kuril-Kamchatka
2030-03-24,79.6,🟡 HIGH,Izu-Bonin-Mariana
2030-03-24,79.6,🟡 HIGH,Philippine Trench
2030-03-24,79.6,🟡 HIGH,Java-Sumatra Trench
2030-03-24,79.6,🟡 HIGH,Tonga-Kermadec
2030-03-24,79.6,🟡 HIGH,Himalayan Thrust
2030-03-24,79.6,🟡 HIGH,Mediterranean-Hellenic
2030-03-24,79.6,🟡 HIGH,Andaman-Nicobar Trench
2030-03-24,79.6,🟡 HIGH,Sumatra-Java Trench
2030-03-24,79.6,🟡 HIGH,Andaman-Nicobar Segment
2030-03-24,79.6,🟡 HIGH,Indo-Gangetic Plain / Himalayan Front
2030-03-24,79.6,🟡 HIGH,Kachchh-Gujarat Rift
2030-03-24,79.6,🟡 HIGH,Makran Subduction Zone
2030-03-24,79.6,🟡 HIGH,Indo-Burmese Arc
2030-03-24,79.6,🟡 HIGH,Ninety East Ridge
2030-03-25,77.2,🟡 HIGH,Chile-Peru Trench
2030-03-25,77.2,🟡 HIGH,Cascadia Subduction
2030-03-25,77.2,🟡 HIGH,Japan Trench
2030-03-25,77.2,🟡 HIGH,Aleutian Trench
2030-03-25,77.2,🟡 HIGH,Kuril-Kamchatka
2030-03-25,77.2,🟡 HIGH,Izu-Bonin-Mariana
2030-03-25,77.2,🟡 HIGH,Philippine Trench
2030-03-25,77.2,🟡 HIGH,Java-Sumatra Trench
2030-03-25,77.2,🟡 HIGH,Tonga-Kermadec
2030-03-25,77.2,🟡 HIGH,Himalayan Thrust
2030-03-25,77.2,🟡 HIGH,Mediterranean-Hellenic
2030-03-25,77.2,🟡 HIGH,Andaman-Nicobar Trench
2030-03-25,77.2,🟡 HIGH,Sumatra-Java Trench
2030-03-25,77.2,🟡 HIGH,Andaman-Nicobar Segment
2030-03-25,77.2,🟡 HIGH,Indo-Gangetic Plain / Himalayan Front
2030-03-25,77.2,🟡 HIGH,Kachchh-Gujarat Rift
2030-03-25,77.2,🟡 HIGH,Makran Subduction Zone
2030-03-25,77.2,🟡 HIGH,Indo-Burmese Arc
2030-03-25,77.2,🟡 HIGH,Ninety East Ridge
2030-03-26,78.2,🟡 HIGH,Chile-Peru Trench
2030-03-26,78.2,🟡 HIGH,Cascadia Subduction
2030-03-26,78.2,🟡 HIGH,Japan Trench
2030-03-26,78.2,🟡 HIGH,Aleutian Trench
2030-03-26,78.2,🟡 HIGH,Kuril-Kamchatka
2030-03-26,78.2,🟡 HIGH,Izu-Bonin-Mariana
2030-03-26,78.2,🟡 HIGH,Philippine Trench
2030-03-26,78.2,🟡 HIGH,Java-Sumatra Trench
2030-03-26,78.2,🟡 HIGH,Tonga-Kermadec
2030-03-26,78.2,🟡 HIGH,Himalayan Thrust
2030-03-26,78.2,🟡 HIGH,Mediterranean-Hellenic
2030-03-26,78.2,🟡 HIGH,Andaman-Nicobar Trench
2030-03-26,78.2,🟡 HIGH,Sumatra-Java Trench
2030-03-26,78.2,🟡 HIGH,Andaman-Nicobar Segment
2030-03-26,78.2,🟡 HIGH,Indo-Gangetic Plain / Himalayan Front
2030-03-26,78.2,🟡 HIGH,Kachchh-Gujarat Rift
2030-03-26,78.2,🟡 HIGH,Makran Subduction Zone
2030-03-26,78.2,🟡 HIGH,Indo-Burmese Arc
2030-03-26,78.2,🟡 HIGH,Ninety East Ridge
2030-04-03,78.6,🟡 HIGH,Chile-Peru Trench
2030-04-03,78.6,🟡 HIGH,Cascadia Subduction
2030-04-03,78.6,🟡 HIGH,Japan Trench
2030-04-03,78.6,🟡 HIGH,Aleutian Trench
2030-04-03,78.6,🟡 HIGH,Kuril-Kamchatka
2030-04-03,78.6,🟡 HIGH,Izu-Bonin-Mariana
2030-04-03,78.6,🟡 HIGH,Philippine Trench
2030-04-03,78.6,🟡 HIGH,Java-Sumatra Trench
2030-04-03,78.6,🟡 HIGH,Tonga-Kermadec
2030-04-03,78.6,🟡 HIGH,Himalayan Thrust
2030-04-03,78.6,🟡 HIGH,Mediterranean-Hellenic
2030-04-03,78.6,🟡 HIGH,Andaman-Nicobar Trench
2030-04-03,78.6,🟡 HIGH,Sumatra-Java Trench
2030-04-03,78.6,🟡 HIGH,Andaman-Nicobar Segment
2030-04-03,78.6,🟡 HIGH,Indo-Gangetic Plain / Himalayan Front
2030-04-03,78.6,🟡 HIGH,Kachchh-Gujarat Rift
2030-04-03,78.6,🟡 HIGH,Makran Subduction Zone
2030-04-03,78.6,🟡 HIGH,Indo-Burmese Arc
2030-04-03,78.6,🟡 HIGH,Ninety East Ridge
2030-04-06,76.8,🟡 HIGH,Chile-Peru Trench
2030-04-06,76.8,🟡 HIGH,Cascadia Subduction
2030-04-06,76.8,🟡 HIGH,Japan Trench
2030-04-06,76.8,🟡 HIGH,Aleutian Trench
2030-04-06,76.8,🟡 HIGH,Kuril-Kamchatka
2030-04-06,76.8,🟡 HIGH,Izu-Bonin-Mariana
2030-04-06,76.8,🟡 HIGH,Philippine Trench
2030-04-06,76.8,🟡 HIGH,Java-Sumatra Trench
2030-04-06,76.8,🟡 HIGH,Tonga-Kermadec
2030-04-06,76.8,🟡 HIGH,Himalayan Thrust
2030-04-06,76.8,🟡 HIGH,Mediterranean-Hellenic
2030-04-06,76.8,🟡 HIGH,Andaman-Nicobar Trench
2030-04-06,76.8,🟡 HIGH,Sumatra-Java Trench
2030-04-06,76.8,🟡 HIGH,Andaman-Nicobar Segment
2030-04-06,76.8,🟡 HIGH,Indo-Gangetic Plain / Himalayan Front
2030-04-06,76.8,🟡 HIGH,Kachchh-Gujarat Rift
2030-04-06,76.8,🟡 HIGH,Makran Subduction Zone
2030-04-06,76.8,🟡 HIGH,Indo-Burmese Arc
2030-04-06,76.8,🟡 HIGH,Ninety East Ridge
2030-04-07,77.3,🟡 HIGH,Chile-Peru Trench
2030-04-07,77.3,🟡 HIGH,Cascadia Subduction
2030-04-07,77.3,🟡 HIGH,Japan Trench
2030-04-07,77.3,🟡 HIGH,Aleutian Trench
2030-04-07,77.3,🟡 HIGH,Kuril-Kamchatka
2030-04-07,77.3,🟡 HIGH,Izu-Bonin-Mariana
2030-04-07,77.3,🟡 HIGH,Philippine Trench
2030-04-07,77.3,🟡 HIGH,Java-Sumatra Trench
2030-04-07,77.3,🟡 HIGH,Tonga-Kermadec
2030-04-07,77.3,🟡 HIGH,Himalayan Thrust
2030-04-07,77.3,🟡 HIGH,Mediterranean-Hellenic
2030-04-07,77.3,🟡 HIGH,Andaman-Nicobar Trench
2030-04-07,77.3,🟡 HIGH,Sumatra-Java Trench
2030-04-07,77.3,🟡 HIGH,Andaman-Nicobar Segment
2030-04-07,77.3,🟡 HIGH,Indo-Gangetic Plain / Himalayan Front
2030-04-07,77.3,🟡 HIGH,Kachchh-Gujarat Rift
2030-04-07,77.3,🟡 HIGH,Makran Subduction Zone
2030-04-07,77.3,🟡 HIGH,Indo-Burmese Arc
2030-04-07,77.3,🟡 HIGH,Ninety East Ridge
2030-04-20,76.5,🟡 HIGH,Chile-Peru Trench
2030-04-20,76.5,🟡 HIGH,Cascadia Subduction
2030-04-20,76.5,🟡 HIGH,Japan Trench
2030-04-20,76.5,🟡 HIGH,Aleutian Trench
2030-04-20,76.5,🟡 HIGH,Kuril-Kamchatka
2030-04-20,76.5,🟡 HIGH,Izu-Bonin-Mariana
2030-04-20,76.5,🟡 HIGH,Philippine Trench
2030-04-20,76.5,🟡 HIGH,Java-Sumatra Trench
2030-04-20,76.5,🟡 HIGH,Tonga-Kermadec
2030-04-20,76.5,🟡 HIGH,Himalayan Thrust
2030-04-20,76.5,🟡 HIGH,Mediterranean-Hellenic
2030-04-20,76.5,🟡 HIGH,Andaman-Nicobar Trench
2030-04-20,76.5,🟡 HIGH,Sumatra-Java Trench
2030-04-20,76.5,🟡 HIGH,Andaman-Nicobar Segment
2030-04-20,76.5,🟡 HIGH,Indo-Gangetic Plain / Himalayan Front
2030-04-20,76.5,🟡 HIGH,Kachchh-Gujarat Rift
2030-04-20,76.5,🟡 HIGH,Makran Subduction Zone
2030-04-20,76.5,🟡 HIGH,Indo-Burmese Arc
2030-04-20,76.5,🟡 HIGH,Ninety East Ridge
2030-04-21,78.7,🟡 HIGH,Chile-Peru Trench
2030-04-21,78.7,🟡 HIGH,Cascadia Subduction
2030-04-21,78.7,🟡 HIGH,Japan Trench
2030-04-21,78.7,🟡 HIGH,Aleutian Trench
2030-04-21,78.7,🟡 HIGH,Kuril-Kamchatka
2030-04-21,78.7,🟡 HIGH,Izu-Bonin-Mariana
2030-04-21,78.7,🟡 HIGH,Philippine Trench
2030-04-21,78.7,🟡 HIGH,Java-Sumatra Trench
2030-04-21,78.7,🟡 HIGH,Tonga-Kermadec
2030-04-21,78.7,🟡 HIGH,Himalayan Thrust
2030-04-21,78.7,🟡 HIGH,Mediterranean-Hellenic
2030-04-21,78.7,🟡 HIGH,Andaman-Nicobar Trench
2030-04-21,78.7,🟡 HIGH,Sumatra-Java Trench
2030-04-21,78.7,🟡 HIGH,Andaman-Nicobar Segment
2030-04-21,78.7,🟡 HIGH,Indo-Gangetic Plain / Himalayan Front
2030-04-21,78.7,🟡 HIGH,Kachchh-Gujarat Rift
2030-04-21,78.7,🟡 HIGH,Makran Subduction Zone
2030-04-21,78.7,🟡 HIGH,Indo-Burmese Arc
2030-04-21,78.7,🟡 HIGH,Ninety East Ridge
2030-04-22,78.3,🟡 HIGH,Chile-Peru Trench
2030-04-22,78.3,🟡 HIGH,Cascadia Subduction
2030-04-22,78.3,🟡 HIGH,Japan Trench
2030-04-22,78.3,🟡 HIGH,Aleutian Trench
2030-04-22,78.3,🟡 HIGH,Kuril-Kamchatka
2030-04-22,78.3,🟡 HIGH,Izu-Bonin-Mariana
2030-04-22,78.3,🟡 HIGH,Philippine Trench
2030-04-22,78.3,🟡 HIGH,Java-Sumatra Trench
2030-04-22,78.3,🟡 HIGH,Tonga-Kermadec
2030-04-22,78.3,🟡 HIGH,Himalayan Thrust
2030-04-22,78.3,🟡 HIGH,Mediterranean-Hellenic
2030-04-22,78.3,🟡 HIGH,Andaman-Nicobar Trench
2030-04-22,78.3,🟡 HIGH,Sumatra-Java Trench
2030-04-22,78.3,🟡 HIGH,Andaman-Nicobar Segment
2030-04-22,78.3,🟡 HIGH,Indo-Gangetic Plain / Himalayan Front
2030-04-22,78.3,🟡 HIGH,Kachchh-Gujarat Rift
2030-04-22,78.3,🟡 HIGH,Makran Subduction Zone
2030-04-22,78.3,🟡 HIGH,Indo-Burmese Arc
2030-04-22,78.3,🟡 HIGH,Ninety East Ridge
2030-04-23,78.8,🟡 HIGH,Chile-Peru Trench
2030-04-23,78.8,🟡 HIGH,Cascadia Subduction
2030-04-23,78.8,🟡 HIGH,Japan Trench
2030-04-23,78.8,🟡 HIGH,Aleutian Trench
2030-04-23,78.8,🟡 HIGH,Kuril-Kamchatka
2030-04-23,78.8,🟡 HIGH,Izu-Bonin-Mariana
2030-04-23,78.8,🟡 HIGH,Philippine Trench
2030-04-23,78.8,🟡 HIGH,Java-Sumatra Trench
2030-04-23,78.8,🟡 HIGH,Tonga-Kermadec
2030-04-23,78.8,🟡 HIGH,Himalayan Thrust
2030-04-23,78.8,🟡 HIGH,Mediterranean-Hellenic
2030-04-23,78.8,🟡 HIGH,Andaman-Nicobar Trench
2030-04-23,78.8,🟡 HIGH,Sumatra-Java Trench
2030-04-23,78.8,🟡 HIGH,Andaman-Nicobar Segment
2030-04-23,78.8,🟡 HIGH,Indo-Gangetic Plain / Himalayan Front
2030-04-23,78.8,🟡 HIGH,Kachchh-Gujarat Rift
2030-04-23,78.8,🟡 HIGH,Makran Subduction Zone
2030-04-23,78.8,🟡 HIGH,Indo-Burmese Arc
2030-04-23,78.8,🟡 HIGH,Ninety East Ridge
2030-04-24,78.4,🟡 HIGH,Chile-Peru Trench
2030-04-24,78.4,🟡 HIGH,Cascadia Subduction
2030-04-24,78.4,🟡 HIGH,Japan Trench
2030-04-24,78.4,🟡 HIGH,Aleutian Trench
2030-04-24,78.4,🟡 HIGH,Kuril-Kamchatka
2030-04-24,78.4,🟡 HIGH,Izu-Bonin-Mariana
2030-04-24,78.4,🟡 HIGH,Philippine Trench
2030-04-24,78.4,🟡 HIGH,Java-Sumatra Trench
2030-04-24,78.4,🟡 HIGH,Tonga-Kermadec
2030-04-24,78.4,🟡 HIGH,Himalayan Thrust
2030-04-24,78.4,🟡 HIGH,Mediterranean-Hellenic
2030-04-24,78.4,🟡 HIGH,Andaman-Nicobar Trench
2030-04-24,78.4,🟡 HIGH,Sumatra-Java Trench
2030-04-24,78.4,🟡 HIGH,Andaman-Nicobar Segment
2030-04-24,78.4,🟡 HIGH,Indo-Gangetic Plain / Himalayan Front
2030-04-24,78.4,🟡 HIGH,Kachchh-Gujarat Rift
2030-04-24,78.4,🟡 HIGH,Makran Subduction Zone
2030-04-24,78.4,🟡 HIGH,Indo-Burmese Arc
2030-04-24,78.4,🟡 HIGH,Ninety East Ridge
2030-07-15,75.5,🟡 HIGH,Chile-Peru Trench
2030-07-15,75.5,🟡 HIGH,Cascadia Subduction
2030-07-15,75.5,🟡 HIGH,Japan Trench
2030-07-15,75.5,🟡 HIGH,Aleutian Trench
2030-07-15,75.5,🟡 HIGH,Kuril-Kamchatka
2030-07-15,75.5,🟡 HIGH,Izu-Bonin-Mariana
2030-07-15,75.5,🟡 HIGH,Philippine Trench
2030-07-15,75.5,🟡 HIGH,Java-Sumatra Trench
2030-07-15,75.5,🟡 HIGH,Tonga-Kermadec
2030-07-15,75.5,🟡 HIGH,Himalayan Thrust
2030-07-15,75.5,🟡 HIGH,Mediterranean-Hellenic
2030-07-15,75.5,🟡 HIGH,Andaman-Nicobar Trench
2030-07-15,75.5,🟡 HIGH,Sumatra-Java Trench
2030-07-15,75.5,🟡 HIGH,Andaman-Nicobar Segment
2030-07-15,75.5,🟡 HIGH,Indo-Gangetic Plain / Himalayan Front
2030-07-15,75.5,🟡 HIGH,Kachchh-Gujarat Rift
2030-07-15,75.5,🟡 HIGH,Makran Subduction Zone
2030-07-15,75.5,🟡 HIGH,Indo-Burmese Arc
2030-07-15,75.5,🟡 HIGH,Ninety East Ridge
2030-07-16,75.5,🟡 HIGH,Chile-Peru Trench
2030-07-16,75.5,🟡 HIGH,Cascadia Subduction
2030-07-16,75.5,🟡 HIGH,Japan Trench
2030-07-16,75.5,🟡 HIGH,Aleutian Trench
2030-07-16,75.5,🟡 HIGH,Kuril-Kamchatka
2030-07-16,75.5,🟡 HIGH,Izu-Bonin-Mariana
2030-07-16,75.5,🟡 HIGH,Philippine Trench
2030-07-16,75.5,🟡 HIGH,Java-Sumatra Trench
2030-07-16,75.5,🟡 HIGH,Tonga-Kermadec
2030-07-16,75.5,🟡 HIGH,Himalayan Thrust
2030-07-16,75.5,🟡 HIGH,Mediterranean-Hellenic
2030-07-16,75.5,🟡 HIGH,Andaman-Nicobar Trench
2030-07-16,75.5,🟡 HIGH,Sumatra-Java Trench
2030-07-16,75.5,🟡 HIGH,Andaman-Nicobar Segment
2030-07-16,75.5,🟡 HIGH,Indo-Gangetic Plain / Himalayan Front
2030-07-16,75.5,🟡 HIGH,Kachchh-Gujarat Rift
2030-07-16,75.5,🟡 HIGH,Makran Subduction Zone
2030-07-16,75.5,🟡 HIGH,Indo-Burmese Arc
2030-07-16,75.5,🟡 HIGH,Ninety East Ridge
2030-07-18,75.1,🟡 HIGH,Chile-Peru Trench
2030-07-18,75.1,🟡 HIGH,Cascadia Subduction
2030-07-18,75.1,🟡 HIGH,Japan Trench
2030-07-18,75.1,🟡 HIGH,Aleutian Trench
2030-07-18,75.1,🟡 HIGH,Kuril-Kamchatka
2030-07-18,75.1,🟡 HIGH,Izu-Bonin-Mariana
2030-07-18,75.1,🟡 HIGH,Philippine Trench
2030-07-18,75.1,🟡 HIGH,Java-Sumatra Trench
2030-07-18,75.1,🟡 HIGH,Tonga-Kermadec
2030-07-18,75.1,🟡 HIGH,Himalayan Thrust
2030-07-18,75.1,🟡 HIGH,Mediterranean-Hellenic
2030-07-18,75.1,🟡 HIGH,Andaman-Nicobar Trench
2030-07-18,75.1,🟡 HIGH,Sumatra-Java Trench
2030-07-18,75.1,🟡 HIGH,Andaman-Nicobar Segment
2030-07-18,75.1,🟡 HIGH,Indo-Gangetic Plain / Himalayan Front
2030-07-18,75.1,🟡 HIGH,Kachchh-Gujarat Rift
2030-07-18,75.1,🟡 HIGH,Makran Subduction Zone
2030-07-18,75.1,🟡 HIGH,Indo-Burmese Arc
2030-07-18,75.1,🟡 HIGH,Ninety East Ridge
2030-07-31,76.2,🟡 HIGH,Chile-Peru Trench
2030-07-31,76.2,🟡 HIGH,Cascadia Subduction
2030-07-31,76.2,🟡 HIGH,Japan Trench
2030-07-31,76.2,🟡 HIGH,Aleutian Trench
2030-07-31,76.2,🟡 HIGH,Kuril-Kamchatka
2030-07-31,76.2,🟡 HIGH,Izu-Bonin-Mariana
2030-07-31,76.2,🟡 HIGH,Philippine Trench
2030-07-31,76.2,🟡 HIGH,Java-Sumatra Trench
2030-07-31,76.2,🟡 HIGH,Tonga-Kermadec
2030-07-31,76.2,🟡 HIGH,Himalayan Thrust
2030-07-31,76.2,🟡 HIGH,Mediterranean-Hellenic
2030-07-31,76.2,🟡 HIGH,Andaman-Nicobar Trench
2030-07-31,76.2,🟡 HIGH,Sumatra-Java Trench
2030-07-31,76.2,🟡 HIGH,Andaman-Nicobar Segment
2030-07-31,76.2,🟡 HIGH,Indo-Gangetic Plain / Himalayan Front
2030-07-31,76.2,🟡 HIGH,Kachchh-Gujarat Rift
2030-07-31,76.2,🟡 HIGH,Makran Subduction Zone
2030-07-31,76.2,🟡 HIGH,Indo-Burmese Arc
2030-07-31,76.2,🟡 HIGH,Ninety East Ridge
2030-08-01,77.8,🟡 HIGH,Chile-Peru Trench
2030-08-01,77.8,🟡 HIGH,Cascadia Subduction
2030-08-01,77.8,🟡 HIGH,Japan Trench
2030-08-01,77.8,🟡 HIGH,Aleutian Trench
2030-08-01,77.8,🟡 HIGH,Kuril-Kamchatka
2030-08-01,77.8,🟡 HIGH,Izu-Bonin-Mariana
2030-08-01,77.8,🟡 HIGH,Philippine Trench
2030-08-01,77.8,🟡 HIGH,Java-Sumatra Trench
2030-08-01,77.8,🟡 HIGH,Tonga-Kermadec
2030-08-01,77.8,🟡 HIGH,Himalayan Thrust
2030-08-01,77.8,🟡 HIGH,Mediterranean-Hellenic
2030-08-01,77.8,🟡 HIGH,Andaman-Nicobar Trench
2030-08-01,77.8,🟡 HIGH,Sumatra-Java Trench
2030-08-01,77.8,🟡 HIGH,Andaman-Nicobar Segment
2030-08-01,77.8,🟡 HIGH,Indo-Gangetic Plain / Himalayan Front
2030-08-01,77.8,🟡 HIGH,Kachchh-Gujarat Rift
2030-08-01,77.8,🟡 HIGH,Makran Subduction Zone
2030-08-01,77.8,🟡 HIGH,Indo-Burmese Arc
2030-08-01,77.8,🟡 HIGH,Ninety East Ridge
2030-08-02,77.2,🟡 HIGH,Chile-Peru Trench
2030-08-02,77.2,🟡 HIGH,Cascadia Subduction
2030-08-02,77.2,🟡 HIGH,Japan Trench
2030-08-02,77.2,🟡 HIGH,Aleutian Trench
2030-08-02,77.2,🟡 HIGH,Kuril-Kamchatka
2030-08-02,77.2,🟡 HIGH,Izu-Bonin-Mariana
2030-08-02,77.2,🟡 HIGH,Philippine Trench
2030-08-02,77.2,🟡 HIGH,Java-Sumatra Trench
2030-08-02,77.2,🟡 HIGH,Tonga-Kermadec
2030-08-02,77.2,🟡 HIGH,Himalayan Thrust
2030-08-02,77.2,🟡 HIGH,Mediterranean-Hellenic
2030-08-02,77.2,🟡 HIGH,Andaman-Nicobar Trench
2030-08-02,77.2,🟡 HIGH,Sumatra-Java Trench
2030-08-02,77.2,🟡 HIGH,Andaman-Nicobar Segment
2030-08-02,77.2,🟡 HIGH,Indo-Gangetic Plain / Himalayan Front
2030-08-02,77.2,🟡 HIGH,Kachchh-Gujarat Rift
2030-08-02,77.2,🟡 HIGH,Makran Subduction Zone
2030-08-02,77.2,🟡 HIGH,Indo-Burmese Arc
2030-08-02,77.2,🟡 HIGH,Ninety East Ridge
2030-08-03,76.8,🟡 HIGH,Chile-Peru Trench
2030-08-03,76.8,🟡 HIGH,Cascadia Subduction
2030-08-03,76.8,🟡 HIGH,Japan Trench
2030-08-03,76.8,🟡 HIGH,Aleutian Trench
2030-08-03,76.8,🟡 HIGH,Kuril-Kamchatka
2030-08-03,76.8,🟡 HIGH,Izu-Bonin-Mariana
2030-08-03,76.8,🟡 HIGH,Philippine Trench
2030-08-03,76.8,🟡 HIGH,Java-Sumatra Trench
2030-08-03,76.8,🟡 HIGH,Tonga-Kermadec
2030-08-03,76.8,🟡 HIGH,Himalayan Thrust
2030-08-03,76.8,🟡 HIGH,Mediterranean-Hellenic
2030-08-03,76.8,🟡 HIGH,Andaman-Nicobar Trench
2030-08-03,76.8,🟡 HIGH,Sumatra-Java Trench
2030-08-03,76.8,🟡 HIGH,Andaman-Nicobar Segment
2030-08-03,76.8,🟡 HIGH,Indo-Gangetic Plain / Himalayan Front
2030-08-03,76.8,🟡 HIGH,Kachchh-Gujarat Rift
2030-08-03,76.8,🟡 HIGH,Makran Subduction Zone
2030-08-03,76.8,🟡 HIGH,Indo-Burmese Arc
2030-08-03,76.8,🟡 HIGH,Ninety East Ridge
2030-09-17,83.6,🟡 HIGH,Chile-Peru Trench
2030-09-17,83.6,🟡 HIGH,Cascadia Subduction
2030-09-17,83.6,🟡 HIGH,Japan Trench
2030-09-17,83.6,🟡 HIGH,Aleutian Trench
2030-09-17,83.6,🟡 HIGH,Kuril-Kamchatka
2030-09-17,83.6,🟡 HIGH,Izu-Bonin-Mariana
2030-09-17,83.6,🟡 HIGH,Philippine Trench
2030-09-17,83.6,🟡 HIGH,Java-Sumatra Trench
2030-09-17,83.6,🟡 HIGH,Tonga-Kermadec
2030-09-17,83.6,🟡 HIGH,Himalayan Thrust
2030-09-17,83.6,🟡 HIGH,Mediterranean-Hellenic
2030-09-17,83.6,🟡 HIGH,Andaman-Nicobar Trench
2030-09-17,83.6,🟡 HIGH,Sumatra-Java Trench
2030-09-17,83.6,🟡 HIGH,Andaman-Nicobar Segment
2030-09-17,83.6,🟡 HIGH,Indo-Gangetic Plain / Himalayan Front
2030-09-17,83.6,🟡 HIGH,Kachchh-Gujarat Rift
2030-09-17,83.6,🟡 HIGH,Makran Subduction Zone
2030-09-17,83.6,🟡 HIGH,Indo-Burmese Arc
2030-09-17,83.6,🟡 HIGH,Ninety East Ridge
2030-09-18,85.6,🔴 EXTREME,Chile-Peru Trench
2030-09-18,85.6,🔴 EXTREME,Cascadia Subduction
2030-09-18,85.6,🔴 EXTREME,Japan Trench
2030-09-18,85.6,🔴 EXTREME,Aleutian Trench
2030-09-18,85.6,🔴 EXTREME,Kuril-Kamchatka
2030-09-18,85.6,🔴 EXTREME,Izu-Bonin-Mariana
2030-09-18,85.6,🔴 EXTREME,Philippine Trench
2030-09-18,85.6,🔴 EXTREME,Java-Sumatra Trench
2030-09-18,85.6,🔴 EXTREME,Tonga-Kermadec
2030-09-18,85.6,🔴 EXTREME,Himalayan Thrust
2030-09-18,85.6,🔴 EXTREME,Mediterranean-Hellenic
2030-09-18,85.6,🔴 EXTREME,Andaman-Nicobar Trench
2030-09-18,85.6,🔴 EXTREME,Sumatra-Java Trench
2030-09-18,85.6,🔴 EXTREME,Andaman-Nicobar Segment
2030-09-18,85.6,🔴 EXTREME,Indo-Gangetic Plain / Himalayan Front
2030-09-18,85.6,🔴 EXTREME,Kachchh-Gujarat Rift
2030-09-18,85.6,🔴 EXTREME,Makran Subduction Zone
2030-09-18,85.6,🔴 EXTREME,Indo-Burmese Arc
2030-09-18,85.6,🔴 EXTREME,Ninety East Ridge
2030-10-14,83.9,🟡 HIGH,Chile-Peru Trench
2030-10-14,83.9,🟡 HIGH,Cascadia Subduction
2030-10-14,83.9,🟡 HIGH,Japan Trench
2030-10-14,83.9,🟡 HIGH,Aleutian Trench
2030-10-14,83.9,🟡 HIGH,Kuril-Kamchatka
2030-10-14,83.9,🟡 HIGH,Izu-Bonin-Mariana
2030-10-14,83.9,🟡 HIGH,Philippine Trench
2030-10-14,83.9,🟡 HIGH,Java-Sumatra Trench
2030-10-14,83.9,🟡 HIGH,Tonga-Kermadec
2030-10-14,83.9,🟡 HIGH,Himalayan Thrust
2030-10-14,83.9,🟡 HIGH,Mediterranean-Hellenic
2030-10-14,83.9,🟡 HIGH,Andaman-Nicobar Trench
2030-10-14,83.9,🟡 HIGH,Sumatra-Java Trench
2030-10-14,83.9,🟡 HIGH,Andaman-Nicobar Segment
2030-10-14,83.9,🟡 HIGH,Indo-Gangetic Plain / Himalayan Front
2030-10-14,83.9,🟡 HIGH,Kachchh-Gujarat Rift
2030-10-14,83.9,🟡 HIGH,Makran Subduction Zone
2030-10-14,83.9,🟡 HIGH,Indo-Burmese Arc
2030-10-14,83.9,🟡 HIGH,Ninety East Ridge
2030-10-15,81.7,🟡 HIGH,Chile-Peru Trench
2030-10-15,81.7,🟡 HIGH,Cascadia Subduction
2030-10-15,81.7,🟡 HIGH,Japan Trench
2030-10-15,81.7,🟡 HIGH,Aleutian Trench
2030-10-15,81.7,🟡 HIGH,Kuril-Kamchatka
2030-10-15,81.7,🟡 HIGH,Izu-Bonin-Mariana
2030-10-15,81.7,🟡 HIGH,Philippine Trench
2030-10-15,81.7,🟡 HIGH,Java-Sumatra Trench
2030-10-15,81.7,🟡 HIGH,Tonga-Kermadec
2030-10-15,81.7,🟡 HIGH,Himalayan Thrust
2030-10-15,81.7,🟡 HIGH,Mediterranean-Hellenic
2030-10-15,81.7,🟡 HIGH,Andaman-Nicobar Trench
2030-10-15,81.7,🟡 HIGH,Sumatra-Java Trench
2030-10-15,81.7,🟡 HIGH,Andaman-Nicobar Segment
2030-10-15,81.7,🟡 HIGH,Indo-Gangetic Plain / Himalayan Front
2030-10-15,81.7,🟡 HIGH,Kachchh-Gujarat Rift
2030-10-15,81.7,🟡 HIGH,Makran Subduction Zone
2030-10-15,81.7,🟡 HIGH,Indo-Burmese Arc
2030-10-15,81.7,🟡 HIGH,Ninety East Ridge
2030-10-16,82.9,🟡 HIGH,Chile-Peru Trench
2030-10-16,82.9,🟡 HIGH,Cascadia Subduction
2030-10-16,82.9,🟡 HIGH,Japan Trench
2030-10-16,82.9,🟡 HIGH,Aleutian Trench
2030-10-16,82.9,🟡 HIGH,Kuril-Kamchatka
2030-10-16,82.9,🟡 HIGH,Izu-Bonin-Mariana
2030-10-16,82.9,🟡 HIGH,Philippine Trench
2030-10-16,82.9,🟡 HIGH,Java-Sumatra Trench
2030-10-16,82.9,🟡 HIGH,Tonga-Kermadec
2030-10-16,82.9,🟡 HIGH,Himalayan Thrust
2030-10-16,82.9,🟡 HIGH,Mediterranean-Hellenic
2030-10-16,82.9,🟡 HIGH,Andaman-Nicobar Trench
2030-10-16,82.9,🟡 HIGH,Sumatra-Java Trench
2030-10-16,82.9,🟡 HIGH,Andaman-Nicobar Segment
2030-10-16,82.9,🟡 HIGH,Indo-Gangetic Plain / Himalayan Front
2030-10-16,82.9,🟡 HIGH,Kachchh-Gujarat Rift
2030-10-16,82.9,🟡 HIGH,Makran Subduction Zone
2030-10-16,82.9,🟡 HIGH,Indo-Burmese Arc
2030-10-16,82.9,🟡 HIGH,Ninety East Ridge
2030-10-17,79.8,🟡 HIGH,Chile-Peru Trench
2030-10-17,79.8,🟡 HIGH,Cascadia Subduction
2030-10-17,79.8,🟡 HIGH,Japan Trench
2030-10-17,79.8,🟡 HIGH,Aleutian Trench
2030-10-17,79.8,🟡 HIGH,Kuril-Kamchatka
2030-10-17,79.8,🟡 HIGH,Izu-Bonin-Mariana
2030-10-17,79.8,🟡 HIGH,Philippine Trench
2030-10-17,79.8,🟡 HIGH,Java-Sumatra Trench
2030-10-17,79.8,🟡 HIGH,Tonga-Kermadec
2030-10-17,79.8,🟡 HIGH,Himalayan Thrust
2030-10-17,79.8,🟡 HIGH,Mediterranean-Hellenic
2030-10-17,79.8,🟡 HIGH,Andaman-Nicobar Trench
2030-10-17,79.8,🟡 HIGH,Sumatra-Java Trench
2030-10-17,79.8,🟡 HIGH,Andaman-Nicobar Segment
2030-10-17,79.8,🟡 HIGH,Indo-Gangetic Plain / Himalayan Front
2030-10-17,79.8,🟡 HIGH,Kachchh-Gujarat Rift
2030-10-17,79.8,🟡 HIGH,Makran Subduction Zone
2030-10-17,79.8,🟡 HIGH,Indo-Burmese Arc
2030-10-17,79.8,🟡 HIGH,Ninety East Ridge
2030-12-25,75.2,🟡 HIGH,Chile-Peru Trench
2030-12-25,75.2,🟡 HIGH,Cascadia Subduction
2030-12-25,75.2,🟡 HIGH,Japan Trench
2030-12-25,75.2,🟡 HIGH,Aleutian Trench
2030-12-25,75.2,🟡 HIGH,Kuril-Kamchatka
2030-12-25,75.2,🟡 HIGH,Izu-Bonin-Mariana
2030-12-25,75.2,🟡 HIGH,Philippine Trench
2030-12-25,75.2,🟡 HIGH,Java-Sumatra Trench
2030-12-25,75.2,🟡 HIGH,Tonga-Kermadec
2030-12-25,75.2,🟡 HIGH,Himalayan Thrust
2030-12-25,75.2,🟡 HIGH,Mediterranean-Hellenic
2030-12-25,75.2,🟡 HIGH,Andaman-Nicobar Trench
2030-12-25,75.2,🟡 HIGH,Sumatra-Java Trench
2030-12-25,75.2,🟡 HIGH,Andaman-Nicobar Segment
2030-12-25,75.2,🟡 HIGH,Indo-Gangetic Plain / Himalayan Front
2030-12-25,75.2,🟡 HIGH,Kachchh-Gujarat Rift
2030-12-25,75.2,🟡 HIGH,Makran Subduction Zone
2030-12-25,75.2,🟡 HIGH,Indo-Burmese Arc
2030-12-25,75.2,🟡 HIGH,Ninety East Ridge
2030-12-26,75.2,🟡 HIGH,Chile-Peru Trench
2030-12-26,75.2,🟡 HIGH,Cascadia Subduction
2030-12-26,75.2,🟡 HIGH,Japan Trench
2030-12-26,75.2,🟡 HIGH,Aleutian Trench
2030-12-26,75.2,🟡 HIGH,Kuril-Kamchatka
2030-12-26,75.2,🟡 HIGH,Izu-Bonin-Mariana
2030-12-26,75.2,🟡 HIGH,Philippine Trench
2030-12-26,75.2,🟡 HIGH,Java-Sumatra Trench
2030-12-26,75.2,🟡 HIGH,Tonga-Kermadec
2030-12-26,75.2,🟡 HIGH,Himalayan Thrust
2030-12-26,75.2,🟡 HIGH,Mediterranean-Hellenic
2030-12-26,75.2,🟡 HIGH,Andaman-Nicobar Trench
2030-12-26,75.2,🟡 HIGH,Sumatra-Java Trench
2030-12-26,75.2,🟡 HIGH,Andaman-Nicobar Segment
2030-12-26,75.2,🟡 HIGH,Indo-Gangetic Plain / Himalayan Front
2030-12-26,75.2,🟡 HIGH,Kachchh-Gujarat Rift
2030-12-26,75.2,🟡 HIGH,Makran Subduction Zone
2030-12-26,75.2,🟡 HIGH,Indo-Burmese Arc
2030-12-26,75.2,🟡 HIGH,Ninety East Ridge
2030-12-27,75.2,🟡 HIGH,Chile-Peru Trench
2030-12-27,75.2,🟡 HIGH,Cascadia Subduction
2030-12-27,75.2,🟡 HIGH,Japan Trench
2030-12-27,75.2,🟡 HIGH,Aleutian Trench
2030-12-27,75.2,🟡 HIGH,Kuril-Kamchatka
2030-12-27,75.2,🟡 HIGH,Izu-Bonin-Mariana
2030-12-27,75.2,🟡 HIGH,Philippine Trench
2030-12-27,75.2,🟡 HIGH,Java-Sumatra Trench
2030-12-27,75.2,🟡 HIGH,Tonga-Kermadec
2030-12-27,75.2,🟡 HIGH,Himalayan Thrust
2030-12-27,75.2,🟡 HIGH,Mediterranean-Hellenic
2030-12-27,75.2,🟡 HIGH,Andaman-Nicobar Trench
2030-12-27,75.2,🟡 HIGH,Sumatra-Java Trench
2030-12-27,75.2,🟡 HIGH,Andaman-Nicobar Segment
2030-12-27,75.2,🟡 HIGH,Indo-Gangetic Plain / Himalayan Front
2030-12-27,75.2,🟡 HIGH,Kachchh-Gujarat Rift
2030-12-27,75.2,🟡 HIGH,Makran Subduction Zone
2030-12-27,75.2,🟡 HIGH,Indo-Burmese Arc
2030-12-27,75.2,🟡 HIGH,Ninety East Ridge
2030-12-28,75.4,🟡 HIGH,Chile-Peru Trench
2030-12-28,75.4,🟡 HIGH,Cascadia Subduction
2030-12-28,75.4,🟡 HIGH,Japan Trench
2030-12-28,75.4,🟡 HIGH,Aleutian Trench
2030-12-28,75.4,🟡 HIGH,Kuril-Kamchatka
2030-12-28,75.4,🟡 HIGH,Izu-Bonin-Mariana
2030-12-28,75.4,🟡 HIGH,Philippine Trench
2030-12-28,75.4,🟡 HIGH,Java-Sumatra Trench
2030-12-28,75.4,🟡 HIGH,Tonga-Kermadec
2030-12-28,75.4,🟡 HIGH,Himalayan Thrust
2030-12-28,75.4,🟡 HIGH,Mediterranean-Hellenic
2030-12-28,75.4,🟡 HIGH,Andaman-Nicobar Trench
2030-12-28,75.4,🟡 HIGH,Sumatra-Java Trench
2030-12-28,75.4,🟡 HIGH,Andaman-Nicobar Segment
2030-12-28,75.4,🟡 HIGH,Indo-Gangetic Plain / Himalayan Front
2030-12-28,75.4,🟡 HIGH,Kachchh-Gujarat Rift
2030-12-28,75.4,🟡 HIGH,Makran Subduction Zone
2030-12-28,75.4,🟡 HIGH,Indo-Burmese Arc
2030-12-28,75.4,🟡 HIGH,Ninety East Ridge
2030-12-29,75.4,🟡 HIGH,Chile-Peru Trench
2030-12-29,75.4,🟡 HIGH,Cascadia Subduction
2030-12-29,75.4,🟡 HIGH,Japan Trench
2030-12-29,75.4,🟡 HIGH,Aleutian Trench
2030-12-29,75.4,🟡 HIGH,Kuril-Kamchatka
2030-12-29,75.4,🟡 HIGH,Izu-Bonin-Mariana
2030-12-29,75.4,🟡 HIGH,Philippine Trench
2030-12-29,75.4,🟡 HIGH,Java-Sumatra Trench
2030-12-29,75.4,🟡 HIGH,Tonga-Kermadec
2030-12-29,75.4,🟡 HIGH,Himalayan Thrust
2030-12-29,75.4,🟡 HIGH,Mediterranean-Hellenic
2030-12-29,75.4,🟡 HIGH,Andaman-Nicobar Trench
2030-12-29,75.4,🟡 HIGH,Sumatra-Java Trench
2030-12-29,75.4,🟡 HIGH,Andaman-Nicobar Segment
2030-12-29,75.4,🟡 HIGH,Indo-Gangetic Plain / Himalayan Front
2030-12-29,75.4,🟡 HIGH,Kachchh-Gujarat Rift
2030-12-29,75.4,🟡 HIGH,Makran Subduction Zone
2030-12-29,75.4,🟡 HIGH,Indo-Burmese Arc
2030-12-29,75.4,🟡 HIGH,Ninety East Ridge
2030-12-31,75.2,🟡 HIGH,Chile-Peru Trench
2030-12-31,75.2,🟡 HIGH,Cascadia Subduction
2030-12-31,75.2,🟡 HIGH,Japan Trench
2030-12-31,75.2,🟡 HIGH,Aleutian Trench
2030-12-31,75.2,🟡 HIGH,Kuril-Kamchatka
2030-12-31,75.2,🟡 HIGH,Izu-Bonin-Mariana
2030-12-31,75.2,🟡 HIGH,Philippine Trench
2030-12-31,75.2,🟡 HIGH,Java-Sumatra Trench
2030-12-31,75.2,🟡 HIGH,Tonga-Kermadec
2030-12-31,75.2,🟡 HIGH,Himalayan Thrust
2030-12-31,75.2,🟡 HIGH,Mediterranean-Hellenic
2030-12-31,75.2,🟡 HIGH,Andaman-Nicobar Trench
2030-12-31,75.2,🟡 HIGH,Sumatra-Java Trench
2030-12-31,75.2,🟡 HIGH,Andaman-Nicobar Segment
2030-12-31,75.2,🟡 HIGH,Indo-Gangetic Plain / Himalayan Front
2030-12-31,75.2,🟡 HIGH,Kachchh-Gujarat Rift
2030-12-31,75.2,🟡 HIGH,Makran Subduction Zone
2030-12-31,75.2,🟡 HIGH,Indo-Burmese Arc
2030-12-31,75.2,🟡 HIGH,Ninety East Ridge
